<harm><nodes><node id="137942265957808017629101326863544433824" name="h0"><host_values><risk>1.0</risk><cost>1.0</cost><impact>1.0</impact><probability>1.0</probability></host_values><ignorable>False</ignorable><vulnerabilities><or><vulnerability id="32698985267623544989355828577304177163" name="k8"><vulner_values><risk>7.5</risk><cost>0.0</cost><impact>6.4</impact><probability>0.75</probability></vulner_values></vulnerability></or></vulnerabilities></node><node id="88517987539523482518444963324230195502" name="h13"><host_values><risk>1.0</risk><cost>1.0</cost><impact>1.0</impact><probability>1.0</probability></host_values><ignorable>False</ignorable><vulnerabilities><or><vulnerability id="307381316071367162812102287565684261685" name="v11"><vulner_values><risk>8.5</risk><cost>0.0</cost><impact>8.4</impact><probability>0.85</probability></vulner_values></vulnerability></or></vulnerabilities></node><node id="332256472739828037558553413384764877185" name="h15"><host_values><risk>1.0</risk><cost>1.0</cost><impact>1.0</impact><probability>1.0</probability></host_values><ignorable>False</ignorable><vulnerabilities><or><vulnerability id="200272732364723133683536965382685286131" name="v10"><vulner_values><risk>9.0</risk><cost>0.0</cost><impact>9.4</impact><probability>0.9</probability></vulner_values></vulnerability></or></vulnerabilities></node><node id="80845496137356849945494567465820334420" name="h125"><host_values><risk>1.0</risk><cost>1.0</cost><impact>1.0</impact><probability>1.0</probability></host_values><ignorable>False</ignorable><vulnerabilities><or><vulnerability id="113696908733136221799771329324818614945" name="v12"><vulner_values><risk>10.0</risk><cost>0.0</cost><impact>10.0</impact><probability>1.0</probability></vulner_values></vulnerability></or></vulnerabilities></node><node id="234108425761944528523373628066757372957" name="h2"><host_values><risk>1.0</risk><cost>1.0</cost><impact>1.0</impact><probability>1.0</probability></host_values><ignorable>False</ignorable><vulnerabilities><or><vulnerability id="267629989416754477004592659151541922810" name="v3"><vulner_values><risk>9.3</risk><cost>0.0</cost><impact>10.0</impact><probability>0.93</probability></vulner_values></vulnerability><vulnerability id="183035475399352821905892595398332618062" name="nd1"><vulner_values><risk>5.0</risk><cost>0.0</cost><impact>2.9</impact><probability>0.5</probability></vulner_values></vulnerability></or></vulnerabilities></node><node id="69983458828338045205970916938049637437" name="h44"><host_values><risk>1.0</risk><cost>1.0</cost><impact>1.0</impact><probability>1.0</probability></host_values><ignorable>False</ignorable><vulnerabilities><or><vulnerability id="314505402292257908869349807508501383073" name="v2"><vulner_values><risk>4.3</risk><cost>0.0</cost><impact>2.9</impact><probability>0.43</probability></vulner_values></vulnerability></or></vulnerabilities></node><node id="117639286522656647539582321874014961864" name="h3"><host_values><risk>1.0</risk><cost>1.0</cost><impact>1.0</impact><probability>1.0</probability></host_values><ignorable>False</ignorable><vulnerabilities><or><vulnerability id="102654960952453101206926533103007210757" name="v2"><vulner_values><risk>4.3</risk><cost>0.0</cost><impact>2.9</impact><probability>0.43</probability></vulner_values></vulnerability></or></vulnerabilities></node><node id="76952842580660270316555251225725531014" name="h58"><host_values><risk>1.0</risk><cost>1.0</cost><impact>1.0</impact><probability>1.0</probability></host_values><ignorable>False</ignorable><vulnerabilities><or><vulnerability id="274643995115634501172383973994488296482" name="v12"><vulner_values><risk>10.0</risk><cost>0.0</cost><impact>10.0</impact><probability>1.0</probability></vulner_values></vulnerability></or></vulnerabilities></node><node id="247618884604349479953229770660656438264" name="h108"><host_values><risk>1.0</risk><cost>1.0</cost><impact>1.0</impact><probability>1.0</probability></host_values><ignorable>False</ignorable><vulnerabilities><or><vulnerability id="228419338362934288371928955277010256463" name="v12"><vulner_values><risk>10.0</risk><cost>0.0</cost><impact>10.0</impact><probability>1.0</probability></vulner_values></vulnerability></or></vulnerabilities></node><node id="76239876721617967219540522722608593173" name="h4"><host_values><risk>1.0</risk><cost>1.0</cost><impact>1.0</impact><probability>1.0</probability></host_values><ignorable>False</ignorable><vulnerabilities><or><vulnerability id="142684293082132745142256294784387266627" name="v3"><vulner_values><risk>9.3</risk><cost>0.0</cost><impact>10.0</impact><probability>0.93</probability></vulner_values></vulnerability></or></vulnerabilities></node><node id="90516459052697418515451778364284270926" name="h31"><host_values><risk>1.0</risk><cost>1.0</cost><impact>1.0</impact><probability>1.0</probability></host_values><ignorable>False</ignorable><vulnerabilities><or><vulnerability id="33635428896139239872549074472856929230" name="v3"><vulner_values><risk>9.3</risk><cost>0.0</cost><impact>10.0</impact><probability>0.93</probability></vulner_values></vulnerability></or></vulnerabilities></node><node id="29591213682897008495175170809468679684" name="h63"><host_values><risk>1.0</risk><cost>1.0</cost><impact>1.0</impact><probability>1.0</probability></host_values><ignorable>False</ignorable><vulnerabilities><or><vulnerability id="177526020893129329606595229212421875205" name="v11"><vulner_values><risk>8.5</risk><cost>0.0</cost><impact>8.4</impact><probability>0.85</probability></vulner_values></vulnerability></or></vulnerabilities></node><node id="335381120922225167503934179750075945364" name="h92"><host_values><risk>1.0</risk><cost>1.0</cost><impact>1.0</impact><probability>1.0</probability></host_values><ignorable>False</ignorable><vulnerabilities><or><vulnerability id="195967335618086187256865788352142018527" name="v2"><vulner_values><risk>4.3</risk><cost>0.0</cost><impact>2.9</impact><probability>0.43</probability></vulner_values></vulnerability></or></vulnerabilities></node><node id="134507451915566600284803566946269309026" name="h5"><host_values><risk>1.0</risk><cost>1.0</cost><impact>1.0</impact><probability>1.0</probability></host_values><ignorable>False</ignorable><vulnerabilities><or><vulnerability id="91084212099183269510036805408289482406" name="v12"><vulner_values><risk>10.0</risk><cost>0.0</cost><impact>10.0</impact><probability>1.0</probability></vulner_values></vulnerability></or></vulnerabilities></node><node id="254018392624571190062025888181250423364" name="h87"><host_values><risk>1.0</risk><cost>1.0</cost><impact>1.0</impact><probability>1.0</probability></host_values><ignorable>False</ignorable><vulnerabilities><or><vulnerability id="211449610310464834762763644954306529227" name="v12"><vulner_values><risk>10.0</risk><cost>0.0</cost><impact>10.0</impact><probability>1.0</probability></vulner_values></vulnerability></or></vulnerabilities></node><node id="237203998050507845758863081096140361706" name="h6"><host_values><risk>1.0</risk><cost>1.0</cost><impact>1.0</impact><probability>1.0</probability></host_values><ignorable>False</ignorable><vulnerabilities><or><vulnerability id="197049064118407650768204648414437274232" name="v12"><vulner_values><risk>10.0</risk><cost>0.0</cost><impact>10.0</impact><probability>1.0</probability></vulner_values></vulnerability></or></vulnerabilities></node><node id="214374053533437404280069232960321200466" name="h47"><host_values><risk>1.0</risk><cost>1.0</cost><impact>1.0</impact><probability>1.0</probability></host_values><ignorable>False</ignorable><vulnerabilities><or><vulnerability id="235903597345007688125893756508486662357" name="k8"><vulner_values><risk>7.5</risk><cost>0.0</cost><impact>6.4</impact><probability>0.75</probability></vulner_values></vulnerability></or></vulnerabilities></node><node id="300601198473351660456313479064087256612" name="h8"><host_values><risk>1.0</risk><cost>1.0</cost><impact>1.0</impact><probability>1.0</probability></host_values><ignorable>False</ignorable><vulnerabilities><or><vulnerability id="181935929922947349647945989062758073306" name="v10"><vulner_values><risk>9.0</risk><cost>0.0</cost><impact>9.4</impact><probability>0.9</probability></vulner_values></vulnerability></or></vulnerabilities></node><node id="52490605295674584904775662565630922939" name="h1"><host_values><risk>1.0</risk><cost>1.0</cost><impact>1.0</impact><probability>1.0</probability></host_values><ignorable>False</ignorable><vulnerabilities><or><vulnerability id="10282476942197493534245709220200241764" name="k8"><vulner_values><risk>7.5</risk><cost>0.0</cost><impact>6.4</impact><probability>0.75</probability></vulner_values></vulnerability></or></vulnerabilities></node><node id="14040285347887957100107230801714638712" name="h130"><host_values><risk>1.0</risk><cost>1.0</cost><impact>1.0</impact><probability>1.0</probability></host_values><ignorable>False</ignorable><vulnerabilities><or><vulnerability id="182581750348616175389259062854583303618" name="v2"><vulner_values><risk>4.3</risk><cost>0.0</cost><impact>2.9</impact><probability>0.43</probability></vulner_values></vulnerability></or></vulnerabilities></node><node id="43580313238229234352556493190747769457" name="h9"><host_values><risk>1.0</risk><cost>1.0</cost><impact>1.0</impact><probability>1.0</probability></host_values><ignorable>False</ignorable><vulnerabilities><or><vulnerability id="10784684593714891252517518736388953889" name="v11"><vulner_values><risk>8.5</risk><cost>0.0</cost><impact>8.4</impact><probability>0.85</probability></vulner_values></vulnerability></or></vulnerabilities></node><node id="110026499584810859321233459865810913407" name="h93"><host_values><risk>1.0</risk><cost>1.0</cost><impact>1.0</impact><probability>1.0</probability></host_values><ignorable>False</ignorable><vulnerabilities><or><vulnerability id="188840161988544610062530822566898596613" name="v10"><vulner_values><risk>9.0</risk><cost>0.0</cost><impact>9.4</impact><probability>0.9</probability></vulner_values></vulnerability></or></vulnerabilities></node><node id="91093498286535089568848821123320159561" name="h101"><host_values><risk>1.0</risk><cost>1.0</cost><impact>1.0</impact><probability>1.0</probability></host_values><ignorable>False</ignorable><vulnerabilities><or><vulnerability id="96525907671329426520953883162092338853" name="v3"><vulner_values><risk>9.3</risk><cost>0.0</cost><impact>10.0</impact><probability>0.93</probability></vulner_values></vulnerability></or></vulnerabilities></node><node id="132169892186036477127198194244555598424" name="h10"><host_values><risk>1.0</risk><cost>1.0</cost><impact>1.0</impact><probability>1.0</probability></host_values><ignorable>False</ignorable><vulnerabilities><or><vulnerability id="201827338618920824877433901483129904880" name="v11"><vulner_values><risk>8.5</risk><cost>0.0</cost><impact>8.4</impact><probability>0.85</probability></vulner_values></vulnerability></or></vulnerabilities></node><node id="55978873502456357204161709117524072538" name="h72"><host_values><risk>1.0</risk><cost>1.0</cost><impact>1.0</impact><probability>1.0</probability></host_values><ignorable>False</ignorable><vulnerabilities><or><vulnerability id="299659093124685737165167027674578078958" name="v2"><vulner_values><risk>4.3</risk><cost>0.0</cost><impact>2.9</impact><probability>0.43</probability></vulner_values></vulnerability></or></vulnerabilities></node><node id="292053277985609652168275966790756374002" name="h75"><host_values><risk>1.0</risk><cost>1.0</cost><impact>1.0</impact><probability>1.0</probability></host_values><ignorable>False</ignorable><vulnerabilities><or><vulnerability id="20775423738880981628228448995543073944" name="v6"><vulner_values><risk>9.3</risk><cost>0.0</cost><impact>10.0</impact><probability>0.93</probability></vulner_values></vulnerability></or></vulnerabilities></node><node id="186195647547991503537259804246828879053" name="h132"><host_values><risk>1.0</risk><cost>1.0</cost><impact>1.0</impact><probability>1.0</probability></host_values><ignorable>False</ignorable><vulnerabilities><or><vulnerability id="20413642683173741361015150456721722762" name="v10"><vulner_values><risk>9.0</risk><cost>0.0</cost><impact>9.4</impact><probability>0.9</probability></vulner_values></vulnerability></or></vulnerabilities></node><node id="72858440749487202682037870433160004398" name="hDB3"><host_values><risk>1.0</risk><cost>1.0</cost><impact>1.0</impact><probability>1.0</probability></host_values><ignorable>False</ignorable><vulnerabilities><or><vulnerability id="194810790929531021510889893809090405986" name="k8"><vulner_values><risk>7.5</risk><cost>0.0</cost><impact>6.4</impact><probability>0.75</probability></vulner_values></vulnerability><vulnerability id="53148909123050692480055295942060187479" name="v11"><vulner_values><risk>8.5</risk><cost>0.0</cost><impact>8.4</impact><probability>0.85</probability></vulner_values></vulnerability></or></vulnerabilities></node><node id="313027981026419556825352922226142285213" name="h11"><host_values><risk>1.0</risk><cost>1.0</cost><impact>1.0</impact><probability>1.0</probability></host_values><ignorable>False</ignorable><vulnerabilities><or><vulnerability id="281198974700241745612243040463040461873" name="v3"><vulner_values><risk>9.3</risk><cost>0.0</cost><impact>10.0</impact><probability>0.93</probability></vulner_values></vulnerability></or></vulnerabilities></node><node id="74470692183927663106704655588560841867" name="h38"><host_values><risk>1.0</risk><cost>1.0</cost><impact>1.0</impact><probability>1.0</probability></host_values><ignorable>False</ignorable><vulnerabilities><or><vulnerability id="304034148091577847551077829763387944137" name="v11"><vulner_values><risk>8.5</risk><cost>0.0</cost><impact>8.4</impact><probability>0.85</probability></vulner_values></vulnerability></or></vulnerabilities></node><node id="249630614945127200437817351206174449004" name="h51"><host_values><risk>1.0</risk><cost>1.0</cost><impact>1.0</impact><probability>1.0</probability></host_values><ignorable>False</ignorable><vulnerabilities><or><vulnerability id="97185928958531732845756854670412242054" name="v6"><vulner_values><risk>9.3</risk><cost>0.0</cost><impact>10.0</impact><probability>0.93</probability></vulner_values></vulnerability></or></vulnerabilities></node><node id="185799981574511036120925457278638388616" name="h53"><host_values><risk>1.0</risk><cost>1.0</cost><impact>1.0</impact><probability>1.0</probability></host_values><ignorable>False</ignorable><vulnerabilities><or><vulnerability id="38300072445988750809650120420211683378" name="v12"><vulner_values><risk>10.0</risk><cost>0.0</cost><impact>10.0</impact><probability>1.0</probability></vulner_values></vulnerability></or></vulnerabilities></node><node id="230949931290144400927398304369789129925" name="h127"><host_values><risk>1.0</risk><cost>1.0</cost><impact>1.0</impact><probability>1.0</probability></host_values><ignorable>False</ignorable><vulnerabilities><or><vulnerability id="295460586083646472507654600923862811058" name="v2"><vulner_values><risk>4.3</risk><cost>0.0</cost><impact>2.9</impact><probability>0.43</probability></vulner_values></vulnerability></or></vulnerabilities></node><node id="228600556894964859067329305048589496165" name="h12"><host_values><risk>1.0</risk><cost>1.0</cost><impact>1.0</impact><probability>1.0</probability></host_values><ignorable>False</ignorable><vulnerabilities><or><vulnerability id="278876030059644474664376317763307173359" name="v10"><vulner_values><risk>9.0</risk><cost>0.0</cost><impact>9.4</impact><probability>0.9</probability></vulner_values></vulnerability></or></vulnerabilities></node><node id="260010959795221866553867612922671117999" name="h61"><host_values><risk>1.0</risk><cost>1.0</cost><impact>1.0</impact><probability>1.0</probability></host_values><ignorable>False</ignorable><vulnerabilities><or><vulnerability id="145577739496137719870635121014504181450" name="v10"><vulner_values><risk>9.0</risk><cost>0.0</cost><impact>9.4</impact><probability>0.9</probability></vulner_values></vulnerability></or></vulnerabilities></node><node id="25230658877748252322129688836310622797" name="h56"><host_values><risk>1.0</risk><cost>1.0</cost><impact>1.0</impact><probability>1.0</probability></host_values><ignorable>False</ignorable><vulnerabilities><or><vulnerability id="84933340989374875875146546302217610586" name="v11"><vulner_values><risk>8.5</risk><cost>0.0</cost><impact>8.4</impact><probability>0.85</probability></vulner_values></vulnerability></or></vulnerabilities></node><node id="327377396070753827457409516312332385346" name="h69"><host_values><risk>1.0</risk><cost>1.0</cost><impact>1.0</impact><probability>1.0</probability></host_values><ignorable>False</ignorable><vulnerabilities><or><vulnerability id="246077122279206478566169037548824265409" name="v10"><vulner_values><risk>9.0</risk><cost>0.0</cost><impact>9.4</impact><probability>0.9</probability></vulner_values></vulnerability></or></vulnerabilities></node><node id="21821183807214976913914939515837781183" name="h16"><host_values><risk>1.0</risk><cost>1.0</cost><impact>1.0</impact><probability>1.0</probability></host_values><ignorable>False</ignorable><vulnerabilities><or><vulnerability id="155792670631093858127440993727088104471" name="v10"><vulner_values><risk>9.0</risk><cost>0.0</cost><impact>9.4</impact><probability>0.9</probability></vulner_values></vulnerability></or></vulnerabilities></node><node id="196006933075272626761199310272487757667" name="h39"><host_values><risk>1.0</risk><cost>1.0</cost><impact>1.0</impact><probability>1.0</probability></host_values><ignorable>False</ignorable><vulnerabilities><or><vulnerability id="334132494677833179550030609613221055571" name="v4"><vulner_values><risk>4.3</risk><cost>0.0</cost><impact>2.9</impact><probability>0.43</probability></vulner_values></vulnerability></or></vulnerabilities></node><node id="54403382846191161621804365710978938448" name="h17"><host_values><risk>1.0</risk><cost>1.0</cost><impact>1.0</impact><probability>1.0</probability></host_values><ignorable>False</ignorable><vulnerabilities><or><vulnerability id="262279079368644185846865208411949372644" name="v11"><vulner_values><risk>8.5</risk><cost>0.0</cost><impact>8.4</impact><probability>0.85</probability></vulner_values></vulnerability></or></vulnerabilities></node><node id="10105260039730926453943645874377640146" name="h98"><host_values><risk>1.0</risk><cost>1.0</cost><impact>1.0</impact><probability>1.0</probability></host_values><ignorable>False</ignorable><vulnerabilities><or><vulnerability id="147441106966387956640180809210913787273" name="v4"><vulner_values><risk>4.3</risk><cost>0.0</cost><impact>2.9</impact><probability>0.43</probability></vulner_values></vulnerability></or></vulnerabilities></node><node id="329320932396642865701943951415693622982" name="h18"><host_values><risk>1.0</risk><cost>1.0</cost><impact>1.0</impact><probability>1.0</probability></host_values><ignorable>False</ignorable><vulnerabilities><or><vulnerability id="6798536311639920188264978031124824287" name="v4"><vulner_values><risk>4.3</risk><cost>0.0</cost><impact>2.9</impact><probability>0.43</probability></vulner_values></vulnerability></or></vulnerabilities></node><node id="105073945466554879516071777442587291861" name="h36"><host_values><risk>1.0</risk><cost>1.0</cost><impact>1.0</impact><probability>1.0</probability></host_values><ignorable>False</ignorable><vulnerabilities><or><vulnerability id="232951173501061035404205743678180023264" name="v6"><vulner_values><risk>9.3</risk><cost>0.0</cost><impact>10.0</impact><probability>0.93</probability></vulner_values></vulnerability></or></vulnerabilities></node><node id="175690649169768591838418024944044257950" name="h122"><host_values><risk>1.0</risk><cost>1.0</cost><impact>1.0</impact><probability>1.0</probability></host_values><ignorable>False</ignorable><vulnerabilities><or><vulnerability id="57744601161268428880161143899047863453" name="v3"><vulner_values><risk>9.3</risk><cost>0.0</cost><impact>10.0</impact><probability>0.93</probability></vulner_values></vulnerability></or></vulnerabilities></node><node id="320596781139709981342399447306800457529" name="h19"><host_values><risk>1.0</risk><cost>1.0</cost><impact>1.0</impact><probability>1.0</probability></host_values><ignorable>False</ignorable><vulnerabilities><or><vulnerability id="214156979702365843107058791907474817601" name="v12"><vulner_values><risk>10.0</risk><cost>0.0</cost><impact>10.0</impact><probability>1.0</probability></vulner_values></vulnerability></or></vulnerabilities></node><node id="36911713932179404462054051505879955041" name="h64"><host_values><risk>1.0</risk><cost>1.0</cost><impact>1.0</impact><probability>1.0</probability></host_values><ignorable>False</ignorable><vulnerabilities><or><vulnerability id="74799679510603677031785238654603905221" name="v10"><vulner_values><risk>9.0</risk><cost>0.0</cost><impact>9.4</impact><probability>0.9</probability></vulner_values></vulnerability></or></vulnerabilities></node><node id="107005796204767828995403525516454584075" name="h74"><host_values><risk>1.0</risk><cost>1.0</cost><impact>1.0</impact><probability>1.0</probability></host_values><ignorable>False</ignorable><vulnerabilities><or><vulnerability id="294985428309890327689602509111446517139" name="v9"><vulner_values><risk>7.3</risk><cost>0.0</cost><impact>7.9</impact><probability>0.73</probability></vulner_values></vulnerability></or></vulnerabilities></node><node id="327915252780924777384947216969870910197" name="h20"><host_values><risk>1.0</risk><cost>1.0</cost><impact>1.0</impact><probability>1.0</probability></host_values><ignorable>False</ignorable><vulnerabilities><or><vulnerability id="89794744200395150851681445782816711139" name="v6"><vulner_values><risk>9.3</risk><cost>0.0</cost><impact>10.0</impact><probability>0.93</probability></vulner_values></vulnerability></or></vulnerabilities></node><node id="62373583104040368248406741188337888554" name="h21"><host_values><risk>1.0</risk><cost>1.0</cost><impact>1.0</impact><probability>1.0</probability></host_values><ignorable>False</ignorable><vulnerabilities><or><vulnerability id="170889583321219825749147960783768933691" name="v4"><vulner_values><risk>4.3</risk><cost>0.0</cost><impact>2.9</impact><probability>0.43</probability></vulner_values></vulnerability></or></vulnerabilities></node><node id="170730877766058438624142916164427434292" name="h133"><host_values><risk>1.0</risk><cost>1.0</cost><impact>1.0</impact><probability>1.0</probability></host_values><ignorable>False</ignorable><vulnerabilities><or><vulnerability id="158539405755364316494791109098662391637" name="v2"><vulner_values><risk>4.3</risk><cost>0.0</cost><impact>2.9</impact><probability>0.43</probability></vulner_values></vulnerability></or></vulnerabilities></node><node id="9665530606558690629214113451229500601" name="h22"><host_values><risk>1.0</risk><cost>1.0</cost><impact>1.0</impact><probability>1.0</probability></host_values><ignorable>False</ignorable><vulnerabilities><or><vulnerability id="58221096278231408889403532202563292502" name="v10"><vulner_values><risk>9.0</risk><cost>0.0</cost><impact>9.4</impact><probability>0.9</probability></vulner_values></vulnerability></or></vulnerabilities></node><node id="7222041661460363761752500890371183740" name="h90"><host_values><risk>1.0</risk><cost>1.0</cost><impact>1.0</impact><probability>1.0</probability></host_values><ignorable>False</ignorable><vulnerabilities><or><vulnerability id="293770552995845616005883430129053451872" name="v4"><vulner_values><risk>4.3</risk><cost>0.0</cost><impact>2.9</impact><probability>0.43</probability></vulner_values></vulnerability></or></vulnerabilities></node><node id="116946743516362207946414681069000937879" name="h23"><host_values><risk>1.0</risk><cost>1.0</cost><impact>1.0</impact><probability>1.0</probability></host_values><ignorable>False</ignorable><vulnerabilities><or><vulnerability id="112193298629395696417146821343817462611" name="v11"><vulner_values><risk>8.5</risk><cost>0.0</cost><impact>8.4</impact><probability>0.85</probability></vulner_values></vulnerability></or></vulnerabilities></node><node id="246033670238159364799197862857580347914" name="h37"><host_values><risk>1.0</risk><cost>1.0</cost><impact>1.0</impact><probability>1.0</probability></host_values><ignorable>False</ignorable><vulnerabilities><or><vulnerability id="162737382013766342394149236038023597715" name="v11"><vulner_values><risk>8.5</risk><cost>0.0</cost><impact>8.4</impact><probability>0.85</probability></vulner_values></vulnerability></or></vulnerabilities></node><node id="170550403723622565111026726061773503063" name="h99"><host_values><risk>1.0</risk><cost>1.0</cost><impact>1.0</impact><probability>1.0</probability></host_values><ignorable>False</ignorable><vulnerabilities><or><vulnerability id="55716003138641937239219275280902326848" name="v12"><vulner_values><risk>10.0</risk><cost>0.0</cost><impact>10.0</impact><probability>1.0</probability></vulner_values></vulnerability></or></vulnerabilities></node><node id="68804423119339902675663508877619958945" name="h24"><host_values><risk>1.0</risk><cost>1.0</cost><impact>1.0</impact><probability>1.0</probability></host_values><ignorable>False</ignorable><vulnerabilities><or><vulnerability id="310790062969132738424944870870269999242" name="v6"><vulner_values><risk>9.3</risk><cost>0.0</cost><impact>10.0</impact><probability>0.93</probability></vulner_values></vulnerability></or></vulnerabilities></node><node id="247321067946858331325637279696553607035" name="h110"><host_values><risk>1.0</risk><cost>1.0</cost><impact>1.0</impact><probability>1.0</probability></host_values><ignorable>False</ignorable><vulnerabilities><or><vulnerability id="68590455441717835540026242143579342493" name="v9"><vulner_values><risk>7.3</risk><cost>0.0</cost><impact>7.9</impact><probability>0.73</probability></vulner_values></vulnerability></or></vulnerabilities></node><node id="163890284099286153370218015245600449554" name="h124"><host_values><risk>1.0</risk><cost>1.0</cost><impact>1.0</impact><probability>1.0</probability></host_values><ignorable>False</ignorable><vulnerabilities><or><vulnerability id="68957775353336884608818089564262549852" name="v4"><vulner_values><risk>4.3</risk><cost>0.0</cost><impact>2.9</impact><probability>0.43</probability></vulner_values></vulnerability><vulnerability id="14493005611413221360097279161907439336" name="nd1"><vulner_values><risk>5.0</risk><cost>0.0</cost><impact>2.9</impact><probability>0.5</probability></vulner_values></vulnerability></or></vulnerabilities></node><node id="117521430331270495644243295583251025580" name="h25"><host_values><risk>1.0</risk><cost>1.0</cost><impact>1.0</impact><probability>1.0</probability></host_values><ignorable>False</ignorable><vulnerabilities><or><vulnerability id="86509224202361119140591867917494827941" name="v3"><vulner_values><risk>9.3</risk><cost>0.0</cost><impact>10.0</impact><probability>0.93</probability></vulner_values></vulnerability></or></vulnerabilities></node><node id="266615776277614645153446320652134091397" name="h100"><host_values><risk>1.0</risk><cost>1.0</cost><impact>1.0</impact><probability>1.0</probability></host_values><ignorable>False</ignorable><vulnerabilities><or><vulnerability id="90859359773148988886536937990439728520" name="v2"><vulner_values><risk>4.3</risk><cost>0.0</cost><impact>2.9</impact><probability>0.43</probability></vulner_values></vulnerability></or></vulnerabilities></node><node id="325846557873267832889898596150568192736" name="h26"><host_values><risk>1.0</risk><cost>1.0</cost><impact>1.0</impact><probability>1.0</probability></host_values><ignorable>False</ignorable><vulnerabilities><or><vulnerability id="112623340430882160364213429559178421406" name="v11"><vulner_values><risk>8.5</risk><cost>0.0</cost><impact>8.4</impact><probability>0.85</probability></vulner_values></vulnerability></or></vulnerabilities></node><node id="104868495835561351259104762286378802324" name="h46"><host_values><risk>1.0</risk><cost>1.0</cost><impact>1.0</impact><probability>1.0</probability></host_values><ignorable>False</ignorable><vulnerabilities><or><vulnerability id="61012851071670796139576529027150314764" name="v9"><vulner_values><risk>7.3</risk><cost>0.0</cost><impact>7.9</impact><probability>0.73</probability></vulner_values></vulnerability></or></vulnerabilities></node><node id="88715932751360115329557958363726670672" name="h70"><host_values><risk>1.0</risk><cost>1.0</cost><impact>1.0</impact><probability>1.0</probability></host_values><ignorable>False</ignorable><vulnerabilities><or><vulnerability id="110596321738492915768684438391317330852" name="k8"><vulner_values><risk>7.5</risk><cost>0.0</cost><impact>6.4</impact><probability>0.75</probability></vulner_values></vulnerability></or></vulnerabilities></node><node id="319617965921096410833474199661647466436" name="h82"><host_values><risk>1.0</risk><cost>1.0</cost><impact>1.0</impact><probability>1.0</probability></host_values><ignorable>False</ignorable><vulnerabilities><or><vulnerability id="73609665137926478531966529952023089274" name="v6"><vulner_values><risk>9.3</risk><cost>0.0</cost><impact>10.0</impact><probability>0.93</probability></vulner_values></vulnerability></or></vulnerabilities></node><node id="8018388807581135129628700904193716351" name="h27"><host_values><risk>1.0</risk><cost>1.0</cost><impact>1.0</impact><probability>1.0</probability></host_values><ignorable>False</ignorable><vulnerabilities><or><vulnerability id="275548001226326610915518735218432478426" name="v6"><vulner_values><risk>9.3</risk><cost>0.0</cost><impact>10.0</impact><probability>0.93</probability></vulner_values></vulnerability></or></vulnerabilities></node><node id="217821771159228779584070004344208177147" name="h131"><host_values><risk>1.0</risk><cost>1.0</cost><impact>1.0</impact><probability>1.0</probability></host_values><ignorable>False</ignorable><vulnerabilities><or><vulnerability id="57691156223657338332510797632197207398" name="v9"><vulner_values><risk>7.3</risk><cost>0.0</cost><impact>7.9</impact><probability>0.73</probability></vulner_values></vulnerability></or></vulnerabilities></node><node id="246278234578528293267864399225310865268" name="h29"><host_values><risk>1.0</risk><cost>1.0</cost><impact>1.0</impact><probability>1.0</probability></host_values><ignorable>False</ignorable><vulnerabilities><or><vulnerability id="42792618350508164023607189561847984840" name="v11"><vulner_values><risk>8.5</risk><cost>0.0</cost><impact>8.4</impact><probability>0.85</probability></vulner_values></vulnerability></or></vulnerabilities></node><node id="13406900419847962796419916729163329427" name="h30"><host_values><risk>1.0</risk><cost>1.0</cost><impact>1.0</impact><probability>1.0</probability></host_values><ignorable>False</ignorable><vulnerabilities><or><vulnerability id="43463985076333590020018842949695234892" name="v4"><vulner_values><risk>4.3</risk><cost>0.0</cost><impact>2.9</impact><probability>0.43</probability></vulner_values></vulnerability></or></vulnerabilities></node><node id="287398281012953737428996307397538506719" name="h68"><host_values><risk>1.0</risk><cost>1.0</cost><impact>1.0</impact><probability>1.0</probability></host_values><ignorable>False</ignorable><vulnerabilities><or><vulnerability id="320829252067660642516314888144220097622" name="v5"><vulner_values><risk>7.2</risk><cost>0.0</cost><impact>10.0</impact><probability>0.72</probability></vulner_values></vulnerability></or></vulnerabilities></node><node id="285933041596773274852143023214873955995" name="h80"><host_values><risk>1.0</risk><cost>1.0</cost><impact>1.0</impact><probability>1.0</probability></host_values><ignorable>False</ignorable><vulnerabilities><or><vulnerability id="242536722566868803725378706732400749114" name="v11"><vulner_values><risk>8.5</risk><cost>0.0</cost><impact>8.4</impact><probability>0.85</probability></vulner_values></vulnerability></or></vulnerabilities></node><node id="230151072405735232880976889182961831800" name="h32"><host_values><risk>1.0</risk><cost>1.0</cost><impact>1.0</impact><probability>1.0</probability></host_values><ignorable>False</ignorable><vulnerabilities><or><vulnerability id="1867737528547591805664638443281121386" name="v9"><vulner_values><risk>7.3</risk><cost>0.0</cost><impact>7.9</impact><probability>0.73</probability></vulner_values></vulnerability></or></vulnerabilities></node><node id="120454936158073771438867964758977970452" name="h49"><host_values><risk>1.0</risk><cost>1.0</cost><impact>1.0</impact><probability>1.0</probability></host_values><ignorable>False</ignorable><vulnerabilities><or><vulnerability id="331357532384108168581280789518720856484" name="v12"><vulner_values><risk>10.0</risk><cost>0.0</cost><impact>10.0</impact><probability>1.0</probability></vulner_values></vulnerability></or></vulnerabilities></node><node id="199124956235145232395966777343854976052" name="h33"><host_values><risk>1.0</risk><cost>1.0</cost><impact>1.0</impact><probability>1.0</probability></host_values><ignorable>False</ignorable><vulnerabilities><or><vulnerability id="274984672006049318934191616454566482416" name="k8"><vulner_values><risk>7.5</risk><cost>0.0</cost><impact>6.4</impact><probability>0.75</probability></vulner_values></vulnerability></or></vulnerabilities></node><node id="319818588881276546264368697660955979472" name="h43"><host_values><risk>1.0</risk><cost>1.0</cost><impact>1.0</impact><probability>1.0</probability></host_values><ignorable>False</ignorable><vulnerabilities><or><vulnerability id="93168028400459901398702364187965395817" name="v2"><vulner_values><risk>4.3</risk><cost>0.0</cost><impact>2.9</impact><probability>0.43</probability></vulner_values></vulnerability></or></vulnerabilities></node><node id="21327448869499851378770901073951685290" name="h34"><host_values><risk>1.0</risk><cost>1.0</cost><impact>1.0</impact><probability>1.0</probability></host_values><ignorable>False</ignorable><vulnerabilities><or><vulnerability id="241089205057302851490435977773328643636" name="v9"><vulner_values><risk>7.3</risk><cost>0.0</cost><impact>7.9</impact><probability>0.73</probability></vulner_values></vulnerability></or></vulnerabilities></node><node id="50055325880907247742882468325206688201" name="h60"><host_values><risk>1.0</risk><cost>1.0</cost><impact>1.0</impact><probability>1.0</probability></host_values><ignorable>False</ignorable><vulnerabilities><or><vulnerability id="273366273414776526145816130408823360671" name="v11"><vulner_values><risk>8.5</risk><cost>0.0</cost><impact>8.4</impact><probability>0.85</probability></vulner_values></vulnerability></or></vulnerabilities></node><node id="292730191307280552824350627546213503847" name="h35"><host_values><risk>1.0</risk><cost>1.0</cost><impact>1.0</impact><probability>1.0</probability></host_values><ignorable>False</ignorable><vulnerabilities><or><vulnerability id="72349843830865617405135437839583448459" name="v4"><vulner_values><risk>4.3</risk><cost>0.0</cost><impact>2.9</impact><probability>0.43</probability></vulner_values></vulnerability></or></vulnerabilities></node><node id="185613666042983610438061598590583282424" name="h67"><host_values><risk>1.0</risk><cost>1.0</cost><impact>1.0</impact><probability>1.0</probability></host_values><ignorable>False</ignorable><vulnerabilities><or><vulnerability id="193339132158721828461513339402252820574" name="v10"><vulner_values><risk>9.0</risk><cost>0.0</cost><impact>9.4</impact><probability>0.9</probability></vulner_values></vulnerability></or></vulnerabilities></node><node id="212674166944544637974097802267064362456" name="h103"><host_values><risk>1.0</risk><cost>1.0</cost><impact>1.0</impact><probability>1.0</probability></host_values><ignorable>False</ignorable><vulnerabilities><or><vulnerability id="293715870196983384564448250889145386295" name="v2"><vulner_values><risk>4.3</risk><cost>0.0</cost><impact>2.9</impact><probability>0.43</probability></vulner_values></vulnerability></or></vulnerabilities></node><node id="330818797660209590796453083543105992645" name="h111"><host_values><risk>1.0</risk><cost>1.0</cost><impact>1.0</impact><probability>1.0</probability></host_values><ignorable>False</ignorable><vulnerabilities><or><vulnerability id="187673448902162677168330650663743140201" name="v9"><vulner_values><risk>7.3</risk><cost>0.0</cost><impact>7.9</impact><probability>0.73</probability></vulner_values></vulnerability></or></vulnerabilities></node><node id="269914893408692282142562054881427151252" name="h40"><host_values><risk>1.0</risk><cost>1.0</cost><impact>1.0</impact><probability>1.0</probability></host_values><ignorable>False</ignorable><vulnerabilities><or><vulnerability id="221431722910225111326171131616153698083" name="v12"><vulner_values><risk>10.0</risk><cost>0.0</cost><impact>10.0</impact><probability>1.0</probability></vulner_values></vulnerability></or></vulnerabilities></node><node id="188708702275002206527194300130493869129" name="h62"><host_values><risk>1.0</risk><cost>1.0</cost><impact>1.0</impact><probability>1.0</probability></host_values><ignorable>False</ignorable><vulnerabilities><or><vulnerability id="235823364569655150451965428176804912878" name="k8"><vulner_values><risk>7.5</risk><cost>0.0</cost><impact>6.4</impact><probability>0.75</probability></vulner_values></vulnerability></or></vulnerabilities></node><node id="157074921610427588849270028895979060429" name="h118"><host_values><risk>1.0</risk><cost>1.0</cost><impact>1.0</impact><probability>1.0</probability></host_values><ignorable>False</ignorable><vulnerabilities><or><vulnerability id="48849552389789492293371898881990934444" name="v5"><vulner_values><risk>7.2</risk><cost>0.0</cost><impact>10.0</impact><probability>0.72</probability></vulner_values></vulnerability></or></vulnerabilities></node><node id="207097822851578687342643399905416805340" name="h126"><host_values><risk>1.0</risk><cost>1.0</cost><impact>1.0</impact><probability>1.0</probability></host_values><ignorable>False</ignorable><vulnerabilities><or><vulnerability id="267939178209534157514986208395155344322" name="v10"><vulner_values><risk>9.0</risk><cost>0.0</cost><impact>9.4</impact><probability>0.9</probability></vulner_values></vulnerability></or></vulnerabilities></node><node id="83383844112371067145325537035248252611" name="h41"><host_values><risk>1.0</risk><cost>1.0</cost><impact>1.0</impact><probability>1.0</probability></host_values><ignorable>False</ignorable><vulnerabilities><or><vulnerability id="236271004499631459917945756436140300211" name="v2"><vulner_values><risk>4.3</risk><cost>0.0</cost><impact>2.9</impact><probability>0.43</probability></vulner_values></vulnerability></or></vulnerabilities></node><node id="314668489850870587676575056517365104366" name="h55"><host_values><risk>1.0</risk><cost>1.0</cost><impact>1.0</impact><probability>1.0</probability></host_values><ignorable>False</ignorable><vulnerabilities><or><vulnerability id="11372953194264082353296726046705460639" name="v11"><vulner_values><risk>8.5</risk><cost>0.0</cost><impact>8.4</impact><probability>0.85</probability></vulner_values></vulnerability></or></vulnerabilities></node><node id="14759286703941734138126770985778404203" name="h84"><host_values><risk>1.0</risk><cost>1.0</cost><impact>1.0</impact><probability>1.0</probability></host_values><ignorable>False</ignorable><vulnerabilities><or><vulnerability id="33962291842226070448127026037929994300" name="v4"><vulner_values><risk>4.3</risk><cost>0.0</cost><impact>2.9</impact><probability>0.43</probability></vulner_values></vulnerability></or></vulnerabilities></node><node id="244105844764192824649173118707700441911" name="h45"><host_values><risk>1.0</risk><cost>1.0</cost><impact>1.0</impact><probability>1.0</probability></host_values><ignorable>False</ignorable><vulnerabilities><or><vulnerability id="153166305303388892772801521729016784334" name="v5"><vulner_values><risk>7.2</risk><cost>0.0</cost><impact>10.0</impact><probability>0.72</probability></vulner_values></vulnerability></or></vulnerabilities></node><node id="96594930662580168189738365157187473262" name="h78"><host_values><risk>1.0</risk><cost>1.0</cost><impact>1.0</impact><probability>1.0</probability></host_values><ignorable>False</ignorable><vulnerabilities><or><vulnerability id="117996197485241723532004662149614747838" name="v9"><vulner_values><risk>7.3</risk><cost>0.0</cost><impact>7.9</impact><probability>0.73</probability></vulner_values></vulnerability></or></vulnerabilities></node><node id="66629245416777825223692328406582498592" name="h121"><host_values><risk>1.0</risk><cost>1.0</cost><impact>1.0</impact><probability>1.0</probability></host_values><ignorable>False</ignorable><vulnerabilities><or><vulnerability id="227389438763555837945776134530365871442" name="v12"><vulner_values><risk>10.0</risk><cost>0.0</cost><impact>10.0</impact><probability>1.0</probability></vulner_values></vulnerability></or></vulnerabilities></node><node id="210924505528421638339785360946679406628" name="h57"><host_values><risk>1.0</risk><cost>1.0</cost><impact>1.0</impact><probability>1.0</probability></host_values><ignorable>False</ignorable><vulnerabilities><or><vulnerability id="105825766934657898852455792835781907414" name="v12"><vulner_values><risk>10.0</risk><cost>0.0</cost><impact>10.0</impact><probability>1.0</probability></vulner_values></vulnerability></or></vulnerabilities></node><node id="306219840972542290015705231561573447989" name="h48"><host_values><risk>1.0</risk><cost>1.0</cost><impact>1.0</impact><probability>1.0</probability></host_values><ignorable>False</ignorable><vulnerabilities><or><vulnerability id="184073763168656570197338288099154207478" name="v4"><vulner_values><risk>4.3</risk><cost>0.0</cost><impact>2.9</impact><probability>0.43</probability></vulner_values></vulnerability></or></vulnerabilities></node><node id="173234607948043597177830049853505550014" name="h95"><host_values><risk>1.0</risk><cost>1.0</cost><impact>1.0</impact><probability>1.0</probability></host_values><ignorable>False</ignorable><vulnerabilities><or><vulnerability id="110340463117052555302041468496344461815" name="v11"><vulner_values><risk>8.5</risk><cost>0.0</cost><impact>8.4</impact><probability>0.85</probability></vulner_values></vulnerability></or></vulnerabilities></node><node id="134041871624328418864186424553684635584" name="h50"><host_values><risk>1.0</risk><cost>1.0</cost><impact>1.0</impact><probability>1.0</probability></host_values><ignorable>False</ignorable><vulnerabilities><or><vulnerability id="7277747917819251454638139435152503041" name="v2"><vulner_values><risk>4.3</risk><cost>0.0</cost><impact>2.9</impact><probability>0.43</probability></vulner_values></vulnerability></or></vulnerabilities></node><node id="300090889838153918300719584691804716014" name="h42"><host_values><risk>1.0</risk><cost>1.0</cost><impact>1.0</impact><probability>1.0</probability></host_values><ignorable>False</ignorable><vulnerabilities><or><vulnerability id="205415435085074111738147303377554333627" name="v12"><vulner_values><risk>10.0</risk><cost>0.0</cost><impact>10.0</impact><probability>1.0</probability></vulner_values></vulnerability></or></vulnerabilities></node><node id="55102506028243397274392664052340335479" name="h52"><host_values><risk>1.0</risk><cost>1.0</cost><impact>1.0</impact><probability>1.0</probability></host_values><ignorable>False</ignorable><vulnerabilities><or><vulnerability id="257023043008344171909129212308960984524" name="v9"><vulner_values><risk>7.3</risk><cost>0.0</cost><impact>7.9</impact><probability>0.73</probability></vulner_values></vulnerability></or></vulnerabilities></node><node id="198948063286356960509653508718117959808" name="h89"><host_values><risk>1.0</risk><cost>1.0</cost><impact>1.0</impact><probability>1.0</probability></host_values><ignorable>False</ignorable><vulnerabilities><or><vulnerability id="152679543840226348168999563939045230687" name="v3"><vulner_values><risk>9.3</risk><cost>0.0</cost><impact>10.0</impact><probability>0.93</probability></vulner_values></vulnerability></or></vulnerabilities></node><node id="89290380071368524680640084829496759732" name="h59"><host_values><risk>1.0</risk><cost>1.0</cost><impact>1.0</impact><probability>1.0</probability></host_values><ignorable>False</ignorable><vulnerabilities><or><vulnerability id="173750788188548960400733645938710046297" name="v3"><vulner_values><risk>9.3</risk><cost>0.0</cost><impact>10.0</impact><probability>0.93</probability></vulner_values></vulnerability><vulnerability id="47210368602710482031582905235194446164" name="nd7"><vulner_values><risk>7.5</risk><cost>0.0</cost><impact>6.4</impact><probability>0.75</probability></vulner_values></vulnerability></or></vulnerabilities></node><node id="144530837352867877529326580972152779682" name="h115"><host_values><risk>1.0</risk><cost>1.0</cost><impact>1.0</impact><probability>1.0</probability></host_values><ignorable>False</ignorable><vulnerabilities><or><vulnerability id="3609815695261913261919504235746293244" name="k8"><vulner_values><risk>7.5</risk><cost>0.0</cost><impact>6.4</impact><probability>0.75</probability></vulner_values></vulnerability></or></vulnerabilities></node><node id="121458548777165150645838490875542072534" name="h114"><host_values><risk>1.0</risk><cost>1.0</cost><impact>1.0</impact><probability>1.0</probability></host_values><ignorable>False</ignorable><vulnerabilities><or><vulnerability id="63136770903595477071802402686865211653" name="v12"><vulner_values><risk>10.0</risk><cost>0.0</cost><impact>10.0</impact><probability>1.0</probability></vulner_values></vulnerability></or></vulnerabilities></node><node id="7354120684925176181244383308901364387" name="h104"><host_values><risk>1.0</risk><cost>1.0</cost><impact>1.0</impact><probability>1.0</probability></host_values><ignorable>False</ignorable><vulnerabilities><or><vulnerability id="248844806794126361754099574226404572890" name="v6"><vulner_values><risk>9.3</risk><cost>0.0</cost><impact>10.0</impact><probability>0.93</probability></vulner_values></vulnerability></or></vulnerabilities></node><node id="182754962994791190586838531110939170787" name="h79"><host_values><risk>1.0</risk><cost>1.0</cost><impact>1.0</impact><probability>1.0</probability></host_values><ignorable>False</ignorable><vulnerabilities><or><vulnerability id="205320265559828526217475298204942363831" name="v4"><vulner_values><risk>4.3</risk><cost>0.0</cost><impact>2.9</impact><probability>0.43</probability></vulner_values></vulnerability></or></vulnerabilities></node><node id="65961067066218888388229632287965812575" name="h65"><host_values><risk>1.0</risk><cost>1.0</cost><impact>1.0</impact><probability>1.0</probability></host_values><ignorable>False</ignorable><vulnerabilities><or><vulnerability id="59008829249844358276297679077591480248" name="k8"><vulner_values><risk>7.5</risk><cost>0.0</cost><impact>6.4</impact><probability>0.75</probability></vulner_values></vulnerability></or></vulnerabilities></node><node id="37790743622524516725926571037549007412" name="h129"><host_values><risk>1.0</risk><cost>1.0</cost><impact>1.0</impact><probability>1.0</probability></host_values><ignorable>False</ignorable><vulnerabilities><or><vulnerability id="84455368782126508462914402969100414447" name="v6"><vulner_values><risk>9.3</risk><cost>0.0</cost><impact>10.0</impact><probability>0.93</probability></vulner_values></vulnerability></or></vulnerabilities></node><node id="95564283346711950817422963523055854499" name="h66"><host_values><risk>1.0</risk><cost>1.0</cost><impact>1.0</impact><probability>1.0</probability></host_values><ignorable>False</ignorable><vulnerabilities><or><vulnerability id="217508974579986658850326630720664563911" name="v9"><vulner_values><risk>7.3</risk><cost>0.0</cost><impact>7.9</impact><probability>0.73</probability></vulner_values></vulnerability></or></vulnerabilities></node><node id="313890877772468811542847187796928942050" name="h71"><host_values><risk>1.0</risk><cost>1.0</cost><impact>1.0</impact><probability>1.0</probability></host_values><ignorable>False</ignorable><vulnerabilities><or><vulnerability id="278432319151323964376916139396897583258" name="v5"><vulner_values><risk>7.2</risk><cost>0.0</cost><impact>10.0</impact><probability>0.72</probability></vulner_values></vulnerability></or></vulnerabilities></node><node id="181648077404810951074707198412195467819" name="h123"><host_values><risk>1.0</risk><cost>1.0</cost><impact>1.0</impact><probability>1.0</probability></host_values><ignorable>False</ignorable><vulnerabilities><or><vulnerability id="302140171770172496673575189790561326723" name="v6"><vulner_values><risk>9.3</risk><cost>0.0</cost><impact>10.0</impact><probability>0.93</probability></vulner_values></vulnerability></or></vulnerabilities></node><node id="283381691064144944587102627874056458177" name="h76"><host_values><risk>1.0</risk><cost>1.0</cost><impact>1.0</impact><probability>1.0</probability></host_values><ignorable>False</ignorable><vulnerabilities><or><vulnerability id="323596536885067152831834076507127330413" name="v5"><vulner_values><risk>7.2</risk><cost>0.0</cost><impact>10.0</impact><probability>0.72</probability></vulner_values></vulnerability></or></vulnerabilities></node><node id="31528271939437390971323502265344999799" name="h88"><host_values><risk>1.0</risk><cost>1.0</cost><impact>1.0</impact><probability>1.0</probability></host_values><ignorable>False</ignorable><vulnerabilities><or><vulnerability id="41687897058475477198388988210870159906" name="v11"><vulner_values><risk>8.5</risk><cost>0.0</cost><impact>8.4</impact><probability>0.85</probability></vulner_values></vulnerability></or></vulnerabilities></node><node id="285739586127658629791455580464228864249" name="h77"><host_values><risk>1.0</risk><cost>1.0</cost><impact>1.0</impact><probability>1.0</probability></host_values><ignorable>False</ignorable><vulnerabilities><or><vulnerability id="239747503856046934176313139460277160669" name="v5"><vulner_values><risk>7.2</risk><cost>0.0</cost><impact>10.0</impact><probability>0.72</probability></vulner_values></vulnerability></or></vulnerabilities></node><node id="107170870413781938842752457263831079365" name="h85"><host_values><risk>1.0</risk><cost>1.0</cost><impact>1.0</impact><probability>1.0</probability></host_values><ignorable>False</ignorable><vulnerabilities><or><vulnerability id="143172458667186426649485872684508339172" name="v4"><vulner_values><risk>4.3</risk><cost>0.0</cost><impact>2.9</impact><probability>0.43</probability></vulner_values></vulnerability></or></vulnerabilities></node><node id="34339376497152025539639486235728495506" name="h81"><host_values><risk>1.0</risk><cost>1.0</cost><impact>1.0</impact><probability>1.0</probability></host_values><ignorable>False</ignorable><vulnerabilities><or><vulnerability id="190933083129685372328774427065053812778" name="v5"><vulner_values><risk>7.2</risk><cost>0.0</cost><impact>10.0</impact><probability>0.72</probability></vulner_values></vulnerability></or></vulnerabilities></node><node id="284572279628165343497343937661449727498" name="h109"><host_values><risk>1.0</risk><cost>1.0</cost><impact>1.0</impact><probability>1.0</probability></host_values><ignorable>False</ignorable><vulnerabilities><or><vulnerability id="238504402641294929501895530531772974237" name="v10"><vulner_values><risk>9.0</risk><cost>0.0</cost><impact>9.4</impact><probability>0.9</probability></vulner_values></vulnerability></or></vulnerabilities></node><node id="338124867603029461578191410488201153228" name="h7"><host_values><risk>1.0</risk><cost>1.0</cost><impact>1.0</impact><probability>1.0</probability></host_values><ignorable>False</ignorable><vulnerabilities><or><vulnerability id="107479291389754266104594377299480290129" name="v12"><vulner_values><risk>10.0</risk><cost>0.0</cost><impact>10.0</impact><probability>1.0</probability></vulner_values></vulnerability></or></vulnerabilities></node><node id="229915918829707050291103370392307788277" name="h96"><host_values><risk>1.0</risk><cost>1.0</cost><impact>1.0</impact><probability>1.0</probability></host_values><ignorable>False</ignorable><vulnerabilities><or><vulnerability id="195861870730782106035271950104498866024" name="v9"><vulner_values><risk>7.3</risk><cost>0.0</cost><impact>7.9</impact><probability>0.73</probability></vulner_values></vulnerability></or></vulnerabilities></node><node id="155211249360055337117201474876586564668" name="h106"><host_values><risk>1.0</risk><cost>1.0</cost><impact>1.0</impact><probability>1.0</probability></host_values><ignorable>False</ignorable><vulnerabilities><or><vulnerability id="182653126839846766554125908970588445881" name="v12"><vulner_values><risk>10.0</risk><cost>0.0</cost><impact>10.0</impact><probability>1.0</probability></vulner_values></vulnerability></or></vulnerabilities></node><node id="44106424703662176198865225659613064281" name="h14"><host_values><risk>1.0</risk><cost>1.0</cost><impact>1.0</impact><probability>1.0</probability></host_values><ignorable>False</ignorable><vulnerabilities><or><vulnerability id="125611952943910872457329462871639881991" name="v6"><vulner_values><risk>9.3</risk><cost>0.0</cost><impact>10.0</impact><probability>0.93</probability></vulner_values></vulnerability></or></vulnerabilities></node><node id="124886086352202631264101689716432881805" name="h107"><host_values><risk>1.0</risk><cost>1.0</cost><impact>1.0</impact><probability>1.0</probability></host_values><ignorable>False</ignorable><vulnerabilities><or><vulnerability id="326289031106612059731005154849923682513" name="v10"><vulner_values><risk>9.0</risk><cost>0.0</cost><impact>9.4</impact><probability>0.9</probability></vulner_values></vulnerability></or></vulnerabilities></node><node id="37374508206332476615770430773468563564" name="h86"><host_values><risk>1.0</risk><cost>1.0</cost><impact>1.0</impact><probability>1.0</probability></host_values><ignorable>False</ignorable><vulnerabilities><or><vulnerability id="290209589919873921204868001887067851047" name="v5"><vulner_values><risk>7.2</risk><cost>0.0</cost><impact>10.0</impact><probability>0.72</probability></vulner_values></vulnerability></or></vulnerabilities></node><node id="23851149516020046811603215256737428517" name="h91"><host_values><risk>1.0</risk><cost>1.0</cost><impact>1.0</impact><probability>1.0</probability></host_values><ignorable>False</ignorable><vulnerabilities><or><vulnerability id="50991741949346386865374071752630789585" name="v12"><vulner_values><risk>10.0</risk><cost>0.0</cost><impact>10.0</impact><probability>1.0</probability></vulner_values></vulnerability></or></vulnerabilities></node><node id="100454977178150902645882188477728845044" name="h116"><host_values><risk>1.0</risk><cost>1.0</cost><impact>1.0</impact><probability>1.0</probability></host_values><ignorable>False</ignorable><vulnerabilities><or><vulnerability id="9824203240834958424191452856698075821" name="v9"><vulner_values><risk>7.3</risk><cost>0.0</cost><impact>7.9</impact><probability>0.73</probability></vulner_values></vulnerability></or></vulnerabilities></node><node id="306635535588512226482173846522450920665" name="h94"><host_values><risk>1.0</risk><cost>1.0</cost><impact>1.0</impact><probability>1.0</probability></host_values><ignorable>False</ignorable><vulnerabilities><or><vulnerability id="329207389683006116456954206846748134776" name="v10"><vulner_values><risk>9.0</risk><cost>0.0</cost><impact>9.4</impact><probability>0.9</probability></vulner_values></vulnerability></or></vulnerabilities></node><node id="192005374284468872899555879226344728927" name="h112"><host_values><risk>1.0</risk><cost>1.0</cost><impact>1.0</impact><probability>1.0</probability></host_values><ignorable>False</ignorable><vulnerabilities><or><vulnerability id="129235136478820980856916421249463448736" name="v11"><vulner_values><risk>8.5</risk><cost>0.0</cost><impact>8.4</impact><probability>0.85</probability></vulner_values></vulnerability></or></vulnerabilities></node><node id="194210304686161608886850349868297991284" name="h105"><host_values><risk>1.0</risk><cost>1.0</cost><impact>1.0</impact><probability>1.0</probability></host_values><ignorable>False</ignorable><vulnerabilities><or><vulnerability id="175709591453586944562742775825070595637" name="v3"><vulner_values><risk>9.3</risk><cost>0.0</cost><impact>10.0</impact><probability>0.93</probability></vulner_values></vulnerability></or></vulnerabilities></node><node id="208251876600705722429645125573812276174" name="h97"><host_values><risk>1.0</risk><cost>1.0</cost><impact>1.0</impact><probability>1.0</probability></host_values><ignorable>False</ignorable><vulnerabilities><or><vulnerability id="280469968994101182596031221136361450384" name="v6"><vulner_values><risk>9.3</risk><cost>0.0</cost><impact>10.0</impact><probability>0.93</probability></vulner_values></vulnerability></or></vulnerabilities></node><node id="82413302426438431800792922422725648040" name="h119"><host_values><risk>1.0</risk><cost>1.0</cost><impact>1.0</impact><probability>1.0</probability></host_values><ignorable>False</ignorable><vulnerabilities><or><vulnerability id="174556839198615658200925481757950152413" name="v11"><vulner_values><risk>8.5</risk><cost>0.0</cost><impact>8.4</impact><probability>0.85</probability></vulner_values></vulnerability></or></vulnerabilities></node><node id="220802348914300315876147528128884413141" name="h54"><host_values><risk>1.0</risk><cost>1.0</cost><impact>1.0</impact><probability>1.0</probability></host_values><ignorable>False</ignorable><vulnerabilities><or><vulnerability id="6898007462662240821790952302974247559" name="v12"><vulner_values><risk>10.0</risk><cost>0.0</cost><impact>10.0</impact><probability>1.0</probability></vulner_values></vulnerability></or></vulnerabilities></node><node id="295631870210919139510359058919655615343" name="h113"><host_values><risk>1.0</risk><cost>1.0</cost><impact>1.0</impact><probability>1.0</probability></host_values><ignorable>False</ignorable><vulnerabilities><or><vulnerability id="103506130455101287318255629530173882430" name="v6"><vulner_values><risk>9.3</risk><cost>0.0</cost><impact>10.0</impact><probability>0.93</probability></vulner_values></vulnerability></or></vulnerabilities></node><node id="138838379832369443741996370403788880974" name="h120"><host_values><risk>1.0</risk><cost>1.0</cost><impact>1.0</impact><probability>1.0</probability></host_values><ignorable>False</ignorable><vulnerabilities><or><vulnerability id="32557061886230851610370830782903087440" name="v5"><vulner_values><risk>7.2</risk><cost>0.0</cost><impact>10.0</impact><probability>0.72</probability></vulner_values></vulnerability></or></vulnerabilities></node><node id="246249699227958185424323686290203165549" name="h128"><host_values><risk>1.0</risk><cost>1.0</cost><impact>1.0</impact><probability>1.0</probability></host_values><ignorable>False</ignorable><vulnerabilities><or><vulnerability id="170806158642858461214941071027144734156" name="k8"><vulner_values><risk>7.5</risk><cost>0.0</cost><impact>6.4</impact><probability>0.75</probability></vulner_values></vulnerability></or></vulnerabilities></node><node id="178851628515472754815359349281556550172" name="Attacker"/></nodes><edges><edge><source>0</source><target>1</target></edge><edge><source>0</source><target>2</target></edge><edge><source>0</source><target>3</target></edge><edge><source>4</source><target>5</target></edge><edge><source>6</source><target>7</target></edge><edge><source>6</source><target>8</target></edge><edge><source>9</source><target>0</target></edge><edge><source>9</source><target>10</target></edge><edge><source>9</source><target>11</target></edge><edge><source>9</source><target>12</target></edge><edge><source>13</source><target>14</target></edge><edge><source>15</source><target>16</target></edge><edge><source>17</source><target>18</target></edge><edge><source>17</source><target>11</target></edge><edge><source>17</source><target>19</target></edge><edge><source>20</source><target>17</target></edge><edge><source>20</source><target>21</target></edge><edge><source>20</source><target>22</target></edge><edge><source>23</source><target>24</target></edge><edge><source>23</source><target>25</target></edge><edge><source>23</source><target>26</target></edge><edge><source>23</source><target>27</target></edge><edge><source>28</source><target>29</target></edge><edge><source>28</source><target>30</target></edge><edge><source>28</source><target>31</target></edge><edge><source>28</source><target>22</target></edge><edge><source>28</source><target>32</target></edge><edge><source>33</source><target>31</target></edge><edge><source>33</source><target>3</target></edge><edge><source>1</source><target>34</target></edge><edge><source>2</source><target>35</target></edge><edge><source>2</source><target>36</target></edge><edge><source>2</source><target>19</target></edge><edge><source>37</source><target>38</target></edge><edge><source>39</source><target>40</target></edge><edge><source>41</source><target>42</target></edge><edge><source>41</source><target>43</target></edge><edge><source>44</source><target>45</target></edge><edge><source>44</source><target>46</target></edge><edge><source>47</source><target>17</target></edge><edge><source>47</source><target>44</target></edge><edge><source>48</source><target>2</target></edge><edge><source>48</source><target>49</target></edge><edge><source>50</source><target>51</target></edge><edge><source>50</source><target>49</target></edge><edge><source>52</source><target>17</target></edge><edge><source>52</source><target>53</target></edge><edge><source>52</source><target>54</target></edge><edge><source>55</source><target>56</target></edge><edge><source>55</source><target>57</target></edge><edge><source>58</source><target>59</target></edge><edge><source>60</source><target>61</target></edge><edge><source>60</source><target>62</target></edge><edge><source>60</source><target>63</target></edge><edge><source>60</source><target>21</target></edge><edge><source>64</source><target>65</target></edge><edge><source>66</source><target>32</target></edge><edge><source>67</source><target>68</target></edge><edge><source>10</source><target>69</target></edge><edge><source>70</source><target>71</target></edge><edge><source>72</source><target>73</target></edge><edge><source>74</source><target>18</target></edge><edge><source>74</source><target>58</target></edge><edge><source>74</source><target>75</target></edge><edge><source>74</source><target>46</target></edge><edge><source>76</source><target>77</target></edge><edge><source>42</source><target>47</target></edge><edge><source>42</source><target>72</target></edge><edge><source>42</source><target>25</target></edge><edge><source>42</source><target>12</target></edge><edge><source>53</source><target>71</target></edge><edge><source>53</source><target>31</target></edge><edge><source>53</source><target>36</target></edge><edge><source>38</source><target>78</target></edge><edge><source>38</source><target>79</target></edge><edge><source>80</source><target>81</target></edge><edge><source>80</source><target>82</target></edge><edge><source>80</source><target>83</target></edge><edge><source>84</source><target>4</target></edge><edge><source>84</source><target>85</target></edge><edge><source>73</source><target>16</target></edge><edge><source>73</source><target>86</target></edge><edge><source>5</source><target>26</target></edge><edge><source>87</source><target>55</target></edge><edge><source>87</source><target>77</target></edge><edge><source>87</source><target>88</target></edge><edge><source>87</source><target>89</target></edge><edge><source>61</source><target>90</target></edge><edge><source>91</source><target>68</target></edge><edge><source>91</source><target>92</target></edge><edge><source>71</source><target>42</target></edge><edge><source>93</source><target>94</target></edge><edge><source>30</source><target>60</target></edge><edge><source>95</source><target>17</target></edge><edge><source>95</source><target>90</target></edge><edge><source>95</source><target>3</target></edge><edge><source>31</source><target>0</target></edge><edge><source>85</source><target>47</target></edge><edge><source>85</source><target>74</target></edge><edge><source>85</source><target>96</target></edge><edge><source>35</source><target>9</target></edge><edge><source>90</source><target>84</target></edge><edge><source>90</source><target>68</target></edge><edge><source>90</source><target>36</target></edge><edge><source>90</source><target>59</target></edge><edge><source>7</source><target>85</target></edge><edge><source>7</source><target>83</target></edge><edge><source>97</source><target>71</target></edge><edge><source>97</source><target>56</target></edge><edge><source>97</source><target>98</target></edge><edge><source>75</source><target>73</target></edge><edge><source>75</source><target>99</target></edge><edge><source>11</source><target>91</target></edge><edge><source>11</source><target>100</target></edge><edge><source>45</source><target>72</target></edge><edge><source>45</source><target>101</target></edge><edge><source>102</source><target>103</target></edge><edge><source>104</source><target>103</target></edge><edge><source>68</source><target>58</target></edge><edge><source>36</source><target>32</target></edge><edge><source>105</source><target>30</target></edge><edge><source>24</source><target>106</target></edge><edge><source>46</source><target>97</target></edge><edge><source>107</source><target>108</target></edge><edge><source>107</source><target>96</target></edge><edge><source>109</source><target>94</target></edge><edge><source>109</source><target>43</target></edge><edge><source>101</source><target>110</target></edge><edge><source>111</source><target>112</target></edge><edge><source>63</source><target>113</target></edge><edge><source>63</source><target>17</target></edge><edge><source>63</source><target>66</target></edge><edge><source>63</source><target>114</target></edge><edge><source>86</source><target>115</target></edge><edge><source>110</source><target>116</target></edge><edge><source>110</source><target>2</target></edge><edge><source>110</source><target>7</target></edge><edge><source>110</source><target>117</target></edge><edge><source>118</source><target>15</target></edge><edge><source>118</source><target>45</target></edge><edge><source>118</source><target>83</target></edge><edge><source>108</source><target>94</target></edge><edge><source>96</source><target>61</target></edge><edge><source>51</source><target>7</target></edge><edge><source>51</source><target>22</target></edge><edge><source>119</source><target>70</target></edge><edge><source>119</source><target>77</target></edge><edge><source>12</source><target>109</target></edge><edge><source>12</source><target>111</target></edge><edge><source>21</source><target>120</target></edge><edge><source>121</source><target>49</target></edge><edge><source>54</source><target>25</target></edge><edge><source>54</source><target>8</target></edge><edge><source>54</source><target>32</target></edge><edge><source>59</source><target>90</target></edge><edge><source>59</source><target>122</target></edge><edge><source>22</source><target>0</target></edge><edge><source>78</source><target>95</target></edge><edge><source>78</source><target>35</target></edge><edge><source>78</source><target>100</target></edge><edge><source>100</source><target>29</target></edge><edge><source>123</source><target>18</target></edge><edge><source>123</source><target>31</target></edge><edge><source>123</source><target>108</target></edge><edge><source>115</source><target>124</target></edge><edge><source>115</source><target>125</target></edge><edge><source>117</source><target>4</target></edge><edge><source>117</source><target>84</target></edge><edge><source>117</source><target>91</target></edge><edge><source>8</source><target>121</target></edge><edge><source>8</source><target>65</target></edge><edge><source>112</source><target>38</target></edge><edge><source>112</source><target>126</target></edge><edge><source>56</source><target>32</target></edge><edge><source>79</source><target>48</target></edge><edge><source>79</source><target>80</target></edge><edge><source>127</source><target>112</target></edge><edge><source>127</source><target>128</target></edge><edge><source>127</source><target>65</target></edge><edge><source>99</source><target>89</target></edge><edge><source>82</source><target>95</target></edge><edge><source>82</source><target>101</target></edge><edge><source>89</source><target>16</target></edge><edge><source>89</source><target>93</target></edge><edge><source>89</source><target>62</target></edge><edge><source>106</source><target>81</target></edge><edge><source>57</source><target>62</target></edge><edge><source>3</source><target>96</target></edge><edge><source>83</source><target>15</target></edge><edge><source>83</source><target>38</target></edge><edge><source>83</source><target>5</target></edge><edge><source>83</source><target>123</target></edge><edge><source>32</source><target>13</target></edge><edge><source>32</source><target>97</target></edge><edge><source>32</source><target>86</target></edge><edge><source>32</source><target>125</target></edge><edge><source>129</source><target>36</target></edge><edge><source>19</source><target>86</target></edge><edge><source>65</source><target>3</target></edge><edge><source>49</source><target>32</target></edge><edge><source>130</source><target>92</target></edge><edge><source>130</source><target>69</target></edge><edge><source>94</source><target>109</target></edge><edge><source>94</source><target>33</target></edge><edge><source>55</source><target>109</target></edge><edge><source>55</source><target>33</target></edge></edges></harm>