<?xml version="1.0"?>
<harm>
  <nodes>
    <node id="310294887388004465662382005669500268051" name="132.181.147.235">
      <host_values>
        <impact>None</impact>
        <cost>None</cost>
        <risk>None</risk>
        <probability>None</probability>
      </host_values>
      <vulnerabilities>
        <or>
          <vulnerability id="72728900973866394990924229572262804348" name="SMBv1 Unspecified Remote Code Execution (Shadow Brokers)">
            <vulner_values>
              <impact>1</impact>
              <cost>1</cost>
              <risk>10.0</risk>
              <probability>1.0</probability>
            </vulner_values>
          </vulnerability>
          <vulnerability id="339018357530739330726192199929610996996" name="TCP timestamps">
            <vulner_values>
              <impact>1</impact>
              <cost>1</cost>
              <risk>2.6</risk>
              <probability>0.26</probability>
            </vulner_values>
          </vulnerability>
        </or>
      </vulnerabilities>
    </node>
    <node id="79663014761041574098519338847278454620" name="132.181.147.234">
      <host_values>
        <impact>None</impact>
        <cost>None</cost>
        <risk>None</risk>
        <probability>None</probability>
      </host_values>
      <vulnerabilities>
        <or>
          <vulnerability id="88548248614623743628774900202445144017" name="TCP timestamps">
            <vulner_values>
              <impact>1</impact>
              <cost>1</cost>
              <risk>2.6</risk>
              <probability>0.26</probability>
            </vulner_values>
          </vulnerability>
        </or>
      </vulnerabilities>
    </node>
    <node id="194921824144547422865415070222028776875" name="132.181.147.232">
      <host_values>
        <impact>None</impact>
        <cost>None</cost>
        <risk>None</risk>
        <probability>None</probability>
      </host_values>
      <vulnerabilities>
        <or>
          <vulnerability id="312991771269304303600414179560323182998" name="DCE Services Enumeration Reporting">
            <vulner_values>
              <impact>1</impact>
              <cost>1</cost>
              <risk>5.0</risk>
              <probability>0.5</probability>
            </vulner_values>
          </vulnerability>
          <vulnerability id="27579063012260620258490075882857043788" name="SMBv1 Unspecified Remote Code Execution (Shadow Brokers)">
            <vulner_values>
              <impact>1</impact>
              <cost>1</cost>
              <risk>10.0</risk>
              <probability>1.0</probability>
            </vulner_values>
          </vulnerability>
          <vulnerability id="233950928558631298476962871068531643537" name="SSL/TLS: Certificate Signed Using A Weak Signature Algorithm">
            <vulner_values>
              <impact>1</impact>
              <cost>1</cost>
              <risk>4.0</risk>
              <probability>0.4</probability>
            </vulner_values>
          </vulnerability>
          <vulnerability id="21064408991884239063775535205113775124" name="SSL/TLS: Diffie-Hellman Key Exchange Insufficient DH Group Strength Vulnerability">
            <vulner_values>
              <impact>1</impact>
              <cost>1</cost>
              <risk>4.0</risk>
              <probability>0.4</probability>
            </vulner_values>
          </vulnerability>
          <vulnerability id="121998245849176007139027278687286351897" name="SSL/TLS: Report Weak Cipher Suites">
            <vulner_values>
              <impact>1</impact>
              <cost>1</cost>
              <risk>4.3</risk>
              <probability>0.43</probability>
            </vulner_values>
          </vulnerability>
          <vulnerability id="31631318621105827530648657903373110229" name="TCP timestamps">
            <vulner_values>
              <impact>1</impact>
              <cost>1</cost>
              <risk>2.6</risk>
              <probability>0.26</probability>
            </vulner_values>
          </vulnerability>
        </or>
      </vulnerabilities>
    </node>
    <node id="216345854712466388096267360947263415486" name="132.181.147.238">
      <host_values>
        <impact>None</impact>
        <cost>None</cost>
        <risk>None</risk>
        <probability>None</probability>
      </host_values>
      <vulnerabilities>
        <or>
          <vulnerability id="187963531067273464315602022060959691976" name="DCE Services Enumeration Reporting">
            <vulner_values>
              <impact>1</impact>
              <cost>1</cost>
              <risk>5.0</risk>
              <probability>0.5</probability>
            </vulner_values>
          </vulnerability>
          <vulnerability id="257147078752464534377966377392908732881" name="SMBv1 Unspecified Remote Code Execution (Shadow Brokers)">
            <vulner_values>
              <impact>1</impact>
              <cost>1</cost>
              <risk>10.0</risk>
              <probability>1.0</probability>
            </vulner_values>
          </vulnerability>
          <vulnerability id="82808952566546155497259901362496950391" name="SSL/TLS: Certificate Signed Using A Weak Signature Algorithm">
            <vulner_values>
              <impact>1</impact>
              <cost>1</cost>
              <risk>4.0</risk>
              <probability>0.4</probability>
            </vulner_values>
          </vulnerability>
          <vulnerability id="307505273624551968345842283898111731694" name="SSL/TLS: Diffie-Hellman Key Exchange Insufficient DH Group Strength Vulnerability">
            <vulner_values>
              <impact>1</impact>
              <cost>1</cost>
              <risk>4.0</risk>
              <probability>0.4</probability>
            </vulner_values>
          </vulnerability>
          <vulnerability id="156384087450493269908775803203625755450" name="SSL/TLS: Report Weak Cipher Suites">
            <vulner_values>
              <impact>1</impact>
              <cost>1</cost>
              <risk>4.3</risk>
              <probability>0.43</probability>
            </vulner_values>
          </vulnerability>
          <vulnerability id="302605323406065502298010292562159074718" name="TCP timestamps">
            <vulner_values>
              <impact>1</impact>
              <cost>1</cost>
              <risk>2.6</risk>
              <probability>0.26</probability>
            </vulner_values>
          </vulnerability>
        </or>
      </vulnerabilities>
    </node>
    <node id="263256684140244402721418075940279999589" name="132.181.147.240">
      <host_values>
        <impact>None</impact>
        <cost>None</cost>
        <risk>None</risk>
        <probability>None</probability>
      </host_values>
      <vulnerabilities>
        <or>
          <vulnerability id="315928527418077430435947226524776774637" name="TCP timestamps">
            <vulner_values>
              <impact>1</impact>
              <cost>1</cost>
              <risk>2.6</risk>
              <probability>0.26</probability>
            </vulner_values>
          </vulnerability>
        </or>
      </vulnerabilities>
    </node>
    <node id="239669179735659202733092705514932468015" name="132.181.147.236">
      <host_values>
        <impact>None</impact>
        <cost>None</cost>
        <risk>None</risk>
        <probability>None</probability>
      </host_values>
      <vulnerabilities>
        <or>
          <vulnerability id="279923792548072538768743983640818646120" name="DCE Services Enumeration Reporting">
            <vulner_values>
              <impact>1</impact>
              <cost>1</cost>
              <risk>5.0</risk>
              <probability>0.5</probability>
            </vulner_values>
          </vulnerability>
          <vulnerability id="232985541450661861134255648867670644072" name="SMBv1 Unspecified Remote Code Execution (Shadow Brokers)">
            <vulner_values>
              <impact>1</impact>
              <cost>1</cost>
              <risk>10.0</risk>
              <probability>1.0</probability>
            </vulner_values>
          </vulnerability>
          <vulnerability id="39527028927686897703182476194068714635" name="SSL/TLS: Certificate Signed Using A Weak Signature Algorithm">
            <vulner_values>
              <impact>1</impact>
              <cost>1</cost>
              <risk>4.0</risk>
              <probability>0.4</probability>
            </vulner_values>
          </vulnerability>
          <vulnerability id="28452385729507817570350827387294997267" name="SSL/TLS: Diffie-Hellman Key Exchange Insufficient DH Group Strength Vulnerability">
            <vulner_values>
              <impact>1</impact>
              <cost>1</cost>
              <risk>4.0</risk>
              <probability>0.4</probability>
            </vulner_values>
          </vulnerability>
          <vulnerability id="161395246548974045815972354356144381240" name="SSL/TLS: Report Weak Cipher Suites">
            <vulner_values>
              <impact>1</impact>
              <cost>1</cost>
              <risk>4.3</risk>
              <probability>0.43</probability>
            </vulner_values>
          </vulnerability>
          <vulnerability id="264332398064831793271014138697661783637" name="TCP timestamps">
            <vulner_values>
              <impact>1</impact>
              <cost>1</cost>
              <risk>2.6</risk>
              <probability>0.26</probability>
            </vulner_values>
          </vulnerability>
        </or>
      </vulnerabilities>
    </node>
    <node id="304469834489361818476694270974225656350" name="132.181.147.254">
      <host_values>
        <impact>None</impact>
        <cost>None</cost>
        <risk>None</risk>
        <probability>None</probability>
      </host_values>
      <vulnerabilities>
        <or/>
      </vulnerabilities>
    </node>
    <node id="80165564314304200564658381523117502629" name="132.181.147.227">
      <host_values>
        <impact>None</impact>
        <cost>None</cost>
        <risk>None</risk>
        <probability>None</probability>
      </host_values>
      <vulnerabilities>
        <or>
          <vulnerability id="178009026427174519132970987188988494210" name="DCE Services Enumeration Reporting">
            <vulner_values>
              <impact>1</impact>
              <cost>1</cost>
              <risk>5.0</risk>
              <probability>0.5</probability>
            </vulner_values>
          </vulnerability>
          <vulnerability id="216931471867505717029520481565749280706" name="SMBv1 Unspecified Remote Code Execution (Shadow Brokers)">
            <vulner_values>
              <impact>1</impact>
              <cost>1</cost>
              <risk>10.0</risk>
              <probability>1.0</probability>
            </vulner_values>
          </vulnerability>
          <vulnerability id="334983209049510818414096096351017632968" name="TCP timestamps">
            <vulner_values>
              <impact>1</impact>
              <cost>1</cost>
              <risk>2.6</risk>
              <probability>0.26</probability>
            </vulner_values>
          </vulnerability>
        </or>
      </vulnerabilities>
    </node>
    <node id="260764579707308551536883602867234140384" name="132.181.147.230">
      <host_values>
        <impact>None</impact>
        <cost>None</cost>
        <risk>None</risk>
        <probability>None</probability>
      </host_values>
      <vulnerabilities>
        <or>
          <vulnerability id="61969988347117098759287893244731935554" name="DCE Services Enumeration Reporting">
            <vulner_values>
              <impact>1</impact>
              <cost>1</cost>
              <risk>5.0</risk>
              <probability>0.5</probability>
            </vulner_values>
          </vulnerability>
          <vulnerability id="116297063700905255391479401800333544874" name="SMBv1 Unspecified Remote Code Execution (Shadow Brokers)">
            <vulner_values>
              <impact>1</impact>
              <cost>1</cost>
              <risk>10.0</risk>
              <probability>1.0</probability>
            </vulner_values>
          </vulnerability>
          <vulnerability id="197028955300520034199526621971637539496" name="SSL/TLS: Certificate Signed Using A Weak Signature Algorithm">
            <vulner_values>
              <impact>1</impact>
              <cost>1</cost>
              <risk>4.0</risk>
              <probability>0.4</probability>
            </vulner_values>
          </vulnerability>
          <vulnerability id="18014968960526747239897094827394955119" name="SSL/TLS: Diffie-Hellman Key Exchange Insufficient DH Group Strength Vulnerability">
            <vulner_values>
              <impact>1</impact>
              <cost>1</cost>
              <risk>4.0</risk>
              <probability>0.4</probability>
            </vulner_values>
          </vulnerability>
          <vulnerability id="110270128481091411536367180627803120679" name="SSL/TLS: Report Weak Cipher Suites">
            <vulner_values>
              <impact>1</impact>
              <cost>1</cost>
              <risk>4.3</risk>
              <probability>0.43</probability>
            </vulner_values>
          </vulnerability>
          <vulnerability id="255496833978557317480508112522757066321" name="TCP timestamps">
            <vulner_values>
              <impact>1</impact>
              <cost>1</cost>
              <risk>2.6</risk>
              <probability>0.26</probability>
            </vulner_values>
          </vulnerability>
        </or>
      </vulnerabilities>
    </node>
  </nodes>
  <edges>
    <edge>
      <source>6</source>
      <target>0</target>
    </edge>
    <edge>
      <source>6</source>
      <target>1</target>
    </edge>
    <edge>
      <source>6</source>
      <target>2</target>
    </edge>
    <edge>
      <source>6</source>
      <target>3</target>
    </edge>
    <edge>
      <source>6</source>
      <target>4</target>
    </edge>
    <edge>
      <source>6</source>
      <target>5</target>
    </edge>
    <edge>
      <source>6</source>
      <target>7</target>
    </edge>
    <edge>
      <source>6</source>
      <target>8</target>
    </edge>
  </edges>
</harm>
