<harm><nodes><node id="262464043951245812801554992557076684564" name="132.181.147.236"><host_values><impact>None</impact><cost>None</cost><risk>None</risk><probability>None</probability></host_values><vulnerabilities><or><vulnerability id="51378041780975397748606303348214332895" name="DCE Services Enumeration Reporting"><vulner_values><impact>1</impact><cost>1</cost><risk>5.0</risk><probability>0.5</probability></vulner_values></vulnerability><vulnerability id="309958958618152933384816508000222427673" name="SMBv1 Unspecified Remote Code Execution (Shadow Brokers)"><vulner_values><impact>1</impact><cost>1</cost><risk>10.0</risk><probability>1.0</probability></vulner_values></vulnerability><vulnerability id="164329365729278707767661707683449653458" name="SSL/TLS: Certificate Signed Using A Weak Signature Algorithm"><vulner_values><impact>1</impact><cost>1</cost><risk>4.0</risk><probability>0.4</probability></vulner_values></vulnerability><vulnerability id="127859463062270720546085201020783420005" name="SSL/TLS: Diffie-Hellman Key Exchange Insufficient DH Group Strength Vulnerability"><vulner_values><impact>1</impact><cost>1</cost><risk>4.0</risk><probability>0.4</probability></vulner_values></vulnerability><vulnerability id="315045895698266394005343203990296721931" name="SSL/TLS: Report Weak Cipher Suites"><vulner_values><impact>1</impact><cost>1</cost><risk>4.3</risk><probability>0.43</probability></vulner_values></vulnerability><vulnerability id="172597631303339831122928980039308557013" name="TCP timestamps"><vulner_values><impact>1</impact><cost>1</cost><risk>2.6</risk><probability>0.26</probability></vulner_values></vulnerability></or></vulnerabilities></node><node id="303549991566790627962619687994036525678" name="132.181.147.254"><host_values><impact>None</impact><cost>None</cost><risk>None</risk><probability>None</probability></host_values><vulnerabilities><or/></vulnerabilities></node><node id="126358068221090960736886490871719714575" name="132.181.147.227"><host_values><impact>None</impact><cost>None</cost><risk>None</risk><probability>None</probability></host_values><vulnerabilities><or><vulnerability id="56341111201474939643966233590287252372" name="DCE Services Enumeration Reporting"><vulner_values><impact>1</impact><cost>1</cost><risk>5.0</risk><probability>0.5</probability></vulner_values></vulnerability><vulnerability id="275982502052135078971767369169266753777" name="SMBv1 Unspecified Remote Code Execution (Shadow Brokers)"><vulner_values><impact>1</impact><cost>1</cost><risk>10.0</risk><probability>1.0</probability></vulner_values></vulnerability><vulnerability id="196920241746793939254981932790293650052" name="TCP timestamps"><vulner_values><impact>1</impact><cost>1</cost><risk>2.6</risk><probability>0.26</probability></vulner_values></vulnerability></or></vulnerabilities></node><node id="75288585605986894896690126768027966142" name="132.181.147.232"><host_values><impact>None</impact><cost>None</cost><risk>None</risk><probability>None</probability></host_values><vulnerabilities><or><vulnerability id="127785584724879047838678388292326784942" name="DCE Services Enumeration Reporting"><vulner_values><impact>1</impact><cost>1</cost><risk>5.0</risk><probability>0.5</probability></vulner_values></vulnerability><vulnerability id="145676863181185050150104529014717151240" name="SMBv1 Unspecified Remote Code Execution (Shadow Brokers)"><vulner_values><impact>1</impact><cost>1</cost><risk>10.0</risk><probability>1.0</probability></vulner_values></vulnerability><vulnerability id="285974720930563069070167168651341720709" name="SSL/TLS: Certificate Signed Using A Weak Signature Algorithm"><vulner_values><impact>1</impact><cost>1</cost><risk>4.0</risk><probability>0.4</probability></vulner_values></vulnerability><vulnerability id="143945818688237425929962400446794067926" name="SSL/TLS: Diffie-Hellman Key Exchange Insufficient DH Group Strength Vulnerability"><vulner_values><impact>1</impact><cost>1</cost><risk>4.0</risk><probability>0.4</probability></vulner_values></vulnerability><vulnerability id="23400093412289006281846293724828554198" name="SSL/TLS: Report Weak Cipher Suites"><vulner_values><impact>1</impact><cost>1</cost><risk>4.3</risk><probability>0.43</probability></vulner_values></vulnerability><vulnerability id="338284243840405330340332744304809388517" name="TCP timestamps"><vulner_values><impact>1</impact><cost>1</cost><risk>2.6</risk><probability>0.26</probability></vulner_values></vulnerability></or></vulnerabilities></node><node id="106005609422560125184953561867638179222" name="132.181.147.234"><host_values><impact>None</impact><cost>None</cost><risk>None</risk><probability>None</probability></host_values><vulnerabilities><or><vulnerability id="44021187249300902002025945342805555084" name="TCP timestamps"><vulner_values><impact>1</impact><cost>1</cost><risk>2.6</risk><probability>0.26</probability></vulner_values></vulnerability></or></vulnerabilities></node><node id="52170559190111354565940002750453166520" name="132.181.147.240"><host_values><impact>None</impact><cost>None</cost><risk>None</risk><probability>None</probability></host_values><vulnerabilities><or><vulnerability id="192933699226841394714408054581560892779" name="TCP timestamps"><vulner_values><impact>1</impact><cost>1</cost><risk>2.6</risk><probability>0.26</probability></vulner_values></vulnerability></or></vulnerabilities></node><node id="278505053861801919640948631404994243043" name="132.181.147.230"><host_values><impact>None</impact><cost>None</cost><risk>None</risk><probability>None</probability></host_values><vulnerabilities><or><vulnerability id="9038193767567339298271748887678303658" name="DCE Services Enumeration Reporting"><vulner_values><impact>1</impact><cost>1</cost><risk>5.0</risk><probability>0.5</probability></vulner_values></vulnerability><vulnerability id="83207285261164196077228903422713819898" name="SMBv1 Unspecified Remote Code Execution (Shadow Brokers)"><vulner_values><impact>1</impact><cost>1</cost><risk>10.0</risk><probability>1.0</probability></vulner_values></vulnerability><vulnerability id="175647447852630988531237250208796076130" name="SSL/TLS: Certificate Signed Using A Weak Signature Algorithm"><vulner_values><impact>1</impact><cost>1</cost><risk>4.0</risk><probability>0.4</probability></vulner_values></vulnerability><vulnerability id="96765501705120086600744796387407680747" name="SSL/TLS: Diffie-Hellman Key Exchange Insufficient DH Group Strength Vulnerability"><vulner_values><impact>1</impact><cost>1</cost><risk>4.0</risk><probability>0.4</probability></vulner_values></vulnerability><vulnerability id="302016853134671372169770696666089778512" name="SSL/TLS: Report Weak Cipher Suites"><vulner_values><impact>1</impact><cost>1</cost><risk>4.3</risk><probability>0.43</probability></vulner_values></vulnerability><vulnerability id="80042928337258143080989841090937064840" name="TCP timestamps"><vulner_values><impact>1</impact><cost>1</cost><risk>2.6</risk><probability>0.26</probability></vulner_values></vulnerability></or></vulnerabilities></node><node id="54038760564504567981994710885029894628" name="132.181.147.235"><host_values><impact>None</impact><cost>None</cost><risk>None</risk><probability>None</probability></host_values><vulnerabilities><or><vulnerability id="95060601325051509499026378359383299020" name="SMBv1 Unspecified Remote Code Execution (Shadow Brokers)"><vulner_values><impact>1</impact><cost>1</cost><risk>10.0</risk><probability>1.0</probability></vulner_values></vulnerability><vulnerability id="82024277406532777611582801040222444923" name="TCP timestamps"><vulner_values><impact>1</impact><cost>1</cost><risk>2.6</risk><probability>0.26</probability></vulner_values></vulnerability></or></vulnerabilities></node><node id="158838727705687623137299367386925603430" name="132.181.147.238"><host_values><impact>None</impact><cost>None</cost><risk>None</risk><probability>None</probability></host_values><vulnerabilities><or><vulnerability id="74809497722548812770464920688311633351" name="DCE Services Enumeration Reporting"><vulner_values><impact>1</impact><cost>1</cost><risk>5.0</risk><probability>0.5</probability></vulner_values></vulnerability><vulnerability id="234287995880656050296607085116563012900" name="SMBv1 Unspecified Remote Code Execution (Shadow Brokers)"><vulner_values><impact>1</impact><cost>1</cost><risk>10.0</risk><probability>1.0</probability></vulner_values></vulnerability><vulnerability id="98457552096740281266496737666713192006" name="SSL/TLS: Certificate Signed Using A Weak Signature Algorithm"><vulner_values><impact>1</impact><cost>1</cost><risk>4.0</risk><probability>0.4</probability></vulner_values></vulnerability><vulnerability id="265744241205282721674149071007017107900" name="SSL/TLS: Diffie-Hellman Key Exchange Insufficient DH Group Strength Vulnerability"><vulner_values><impact>1</impact><cost>1</cost><risk>4.0</risk><probability>0.4</probability></vulner_values></vulnerability><vulnerability id="162649643000764054460148726117194739674" name="SSL/TLS: Report Weak Cipher Suites"><vulner_values><impact>1</impact><cost>1</cost><risk>4.3</risk><probability>0.43</probability></vulner_values></vulnerability><vulnerability id="17887704052321182107077364111472472813" name="TCP timestamps"><vulner_values><impact>1</impact><cost>1</cost><risk>2.6</risk><probability>0.26</probability></vulner_values></vulnerability></or></vulnerabilities></node></nodes><edges><edge><source>1</source><target>0</target></edge><edge><source>1</source><target>2</target></edge><edge><source>1</source><target>3</target></edge><edge><source>1</source><target>4</target></edge><edge><source>1</source><target>5</target></edge><edge><source>1</source><target>6</target></edge><edge><source>1</source><target>7</target></edge><edge><source>1</source><target>8</target></edge></edges></harm>