<harm><nodes><node id="157834989353329025557922876760044050937" name="132.181.147.254"><host_values><impact>None</impact><cost>None</cost><risk>None</risk><probability>None</probability></host_values><vulnerabilities><or/></vulnerabilities></node><node id="16676220741242245067311335131549843454" name="132.181.147.240"><host_values><impact>None</impact><cost>None</cost><risk>None</risk><probability>None</probability></host_values><vulnerabilities><or/></vulnerabilities></node></nodes><edges><edge><source>0</source><target>1</target></edge></edges></harm>