<harm><nodes><node id="226041021841940043613585512138588908660" name="VM 12"><host_values><impact>4</impact><cost>5.7</cost><risk>4.3</risk><probability>0.73324</probability><defense_cost>15</defense_cost><asset_value>20</asset_value><exploitability>0.8</exploitability></host_values><vulnerabilities><or><vulnerability id="110739541865570540490000590075012998456" name="v4"><vulner_values><impact>4</impact><cost>6.5</cost><risk>3.5</risk><probability>0.35</probability><defense_cost>15</defense_cost><exploitability>0.4</exploitability></vulner_values></vulnerability><vulnerability id="196578860284671097108712976416758954732" name="v7"><vulner_values><impact>3</impact><cost>7.2</cost><risk>2.8</risk><probability>0.28</probability><defense_cost>15</defense_cost><exploitability>0.3</exploitability></vulner_values></vulnerability><vulnerability id="95471193912670045850283581717415230781" name="v2"><vulner_values><impact>4</impact><cost>5.7</cost><risk>4.3</risk><probability>0.43</probability><defense_cost>15</defense_cost><exploitability>0.8</exploitability></vulner_values></vulnerability></or></vulnerabilities></node><node id="224205070164416104083866260028503815084" name="VM 4"><host_values><impact>4</impact><cost>5.7</cost><risk>4.3</risk><probability>0.692485</probability><defense_cost>15</defense_cost><asset_value>20</asset_value><exploitability>0.8</exploitability></host_values><vulnerabilities><or><vulnerability id="238161091032900842065822328235327948760" name="v5"><vulner_values><impact>2</impact><cost>8.3</cost><risk>1.7</risk><probability>0.17</probability><defense_cost>15</defense_cost><exploitability>0.8</exploitability></vulner_values></vulnerability><vulnerability id="148881289566327303562062150144352286774" name="v2"><vulner_values><impact>4</impact><cost>5.7</cost><risk>4.3</risk><probability>0.43</probability><defense_cost>15</defense_cost><exploitability>0.8</exploitability></vulner_values></vulnerability><vulnerability id="298367916005438924803041830816466065030" name="v6"><vulner_values><impact>4</impact><cost>6.5</cost><risk>3.5</risk><probability>0.35</probability><defense_cost>15</defense_cost><exploitability>0.4</exploitability></vulner_values></vulnerability></or></vulnerabilities></node><node id="89884364145380578272885057157215598016" name="VM 8"><host_values><impact>9</impact><cost>0.1</cost><risk>9.9</risk><probability>0.995269</probability><defense_cost>10</defense_cost><asset_value>20</asset_value><exploitability>0.8</exploitability></host_values><vulnerabilities><or><vulnerability id="277762691061012011529996046145223731251" name="v1"><vulner_values><impact>9</impact><cost>0.1</cost><risk>9.9</risk><probability>0.99</probability><defense_cost>10</defense_cost><exploitability>0.4</exploitability></vulner_values></vulnerability><vulnerability id="195903187761646214889021759628190232728" name="v2"><vulner_values><impact>4</impact><cost>5.7</cost><risk>4.3</risk><probability>0.43</probability><defense_cost>15</defense_cost><exploitability>0.8</exploitability></vulner_values></vulnerability><vulnerability id="7054530511136913076731208752669690364" name="v5"><vulner_values><impact>2</impact><cost>8.3</cost><risk>1.7</risk><probability>0.17</probability><defense_cost>15</defense_cost><exploitability>0.8</exploitability></vulner_values></vulnerability></or></vulnerabilities></node><node id="104877430842576540467723480510009210742" name="VM 16"><host_values><impact>9</impact><cost>0.1</cost><risk>9.9</risk><probability>0.999285</probability><defense_cost>10</defense_cost><asset_value>20</asset_value><exploitability>0.4</exploitability></host_values><vulnerabilities><or><vulnerability id="98108607937978964704556612532486607751" name="v1"><vulner_values><impact>9</impact><cost>0.1</cost><risk>9.9</risk><probability>0.99</probability><defense_cost>10</defense_cost><exploitability>0.4</exploitability></vulner_values></vulnerability><vulnerability id="236443803929299899070242067090634974886" name="v6"><vulner_values><impact>4</impact><cost>6.5</cost><risk>3.5</risk><probability>0.35</probability><defense_cost>15</defense_cost><exploitability>0.4</exploitability></vulner_values></vulnerability><vulnerability id="45687771206346517640513362630160972658" name="v3"><vulner_values><impact>9</impact><cost>1.2</cost><risk>8.9</risk><probability>0.89</probability><defense_cost>15</defense_cost><exploitability>0.4</exploitability></vulner_values></vulnerability></or></vulnerabilities></node><node id="33868255613607423762462578072378618937" name="VM 7"><host_values><impact>9</impact><cost>1.2</cost><risk>8.9</risk><probability>0.954856</probability><defense_cost>15</defense_cost><asset_value>20</asset_value><exploitability>0.8</exploitability></host_values><vulnerabilities><or><vulnerability id="142479220687241338816389821499552553958" name="v2"><vulner_values><impact>4</impact><cost>5.7</cost><risk>4.3</risk><probability>0.43</probability><defense_cost>15</defense_cost><exploitability>0.8</exploitability></vulner_values></vulnerability><vulnerability id="188416246172851425882643673762824087237" name="v3"><vulner_values><impact>9</impact><cost>1.2</cost><risk>8.9</risk><probability>0.89</probability><defense_cost>15</defense_cost><exploitability>0.4</exploitability></vulner_values></vulnerability><vulnerability id="329473224573791690537932768589168147125" name="v7"><vulner_values><impact>3</impact><cost>7.2</cost><risk>2.8</risk><probability>0.28</probability><defense_cost>15</defense_cost><exploitability>0.3</exploitability></vulner_values></vulnerability></or></vulnerabilities></node><node id="10635743180669994339680557167134079670" name="VM 0"><host_values><impact>4</impact><cost>5.7</cost><risk>4.3</risk><probability>0.692485</probability><defense_cost>15</defense_cost><asset_value>20</asset_value><exploitability>0.8</exploitability></host_values><vulnerabilities><or><vulnerability id="23340246314096971736508774185363031669" name="v6"><vulner_values><impact>4</impact><cost>6.5</cost><risk>3.5</risk><probability>0.35</probability><defense_cost>15</defense_cost><exploitability>0.4</exploitability></vulner_values></vulnerability><vulnerability id="280953133886932050935191584038154851721" name="v5"><vulner_values><impact>2</impact><cost>8.3</cost><risk>1.7</risk><probability>0.17</probability><defense_cost>15</defense_cost><exploitability>0.8</exploitability></vulner_values></vulnerability><vulnerability id="263838442493304358553127258779136706771" name="v2"><vulner_values><impact>4</impact><cost>5.7</cost><risk>4.3</risk><probability>0.43</probability><defense_cost>15</defense_cost><exploitability>0.8</exploitability></vulner_values></vulnerability></or></vulnerabilities></node><node id="75255122987927442574843653722829684848" name="VM 3"><host_values><impact>9</impact><cost>0.1</cost><risk>9.9</risk><probability>0.999285</probability><defense_cost>10</defense_cost><asset_value>20</asset_value><exploitability>0.4</exploitability></host_values><vulnerabilities><or><vulnerability id="108117364141453563266221166991736530342" name="v1"><vulner_values><impact>9</impact><cost>0.1</cost><risk>9.9</risk><probability>0.99</probability><defense_cost>10</defense_cost><exploitability>0.4</exploitability></vulner_values></vulnerability><vulnerability id="168007226968805740461870769276490278435" name="v3"><vulner_values><impact>9</impact><cost>1.2</cost><risk>8.9</risk><probability>0.89</probability><defense_cost>15</defense_cost><exploitability>0.4</exploitability></vulner_values></vulnerability><vulnerability id="110377411923046301746345553339300539065" name="v4"><vulner_values><impact>4</impact><cost>6.5</cost><risk>3.5</risk><probability>0.35</probability><defense_cost>15</defense_cost><exploitability>0.4</exploitability></vulner_values></vulnerability></or></vulnerabilities></node><node id="158132630797870514409932562926715816126" name="VM 11"><host_values><impact>9</impact><cost>1.2</cost><risk>8.9</risk><probability>0.934264</probability><defense_cost>15</defense_cost><asset_value>20</asset_value><exploitability>0.8</exploitability></host_values><vulnerabilities><or><vulnerability id="314981493503846517128905108793670371289" name="v3"><vulner_values><impact>9</impact><cost>1.2</cost><risk>8.9</risk><probability>0.89</probability><defense_cost>15</defense_cost><exploitability>0.4</exploitability></vulner_values></vulnerability><vulnerability id="30444743539322116460304354339616447987" name="v7"><vulner_values><impact>3</impact><cost>7.2</cost><risk>2.8</risk><probability>0.28</probability><defense_cost>15</defense_cost><exploitability>0.3</exploitability></vulner_values></vulnerability><vulnerability id="104951190361200541682490990576526443947" name="v5"><vulner_values><impact>2</impact><cost>8.3</cost><risk>1.7</risk><probability>0.17</probability><defense_cost>15</defense_cost><exploitability>0.8</exploitability></vulner_values></vulnerability></or></vulnerabilities></node><node id="95353155005428661363063215192674140160" name="VM 15"><host_values><impact>8</impact><cost>2.0</cost><risk>8.0</risk><probability>0.91792</probability><defense_cost>10</defense_cost><asset_value>20</asset_value><exploitability>0.8</exploitability></host_values><vulnerabilities><or><vulnerability id="70042413332532121944159077063316736651" name="v7"><vulner_values><impact>3</impact><cost>7.2</cost><risk>2.8</risk><probability>0.28</probability><defense_cost>15</defense_cost><exploitability>0.3</exploitability></vulner_values></vulnerability><vulnerability id="185782370683888176149812236142014910476" name="v8"><vulner_values><impact>8</impact><cost>2.0</cost><risk>8.0</risk><probability>0.8</probability><defense_cost>10</defense_cost><exploitability>0.3</exploitability></vulner_values></vulnerability><vulnerability id="196439282556931955912388834013674608602" name="v2"><vulner_values><impact>4</impact><cost>5.7</cost><risk>4.3</risk><probability>0.43</probability><defense_cost>15</defense_cost><exploitability>0.8</exploitability></vulner_values></vulnerability></or></vulnerabilities></node><node id="287564945076137655543085957388537709164" name="VM 1"><host_values><impact>9</impact><cost>1.2</cost><risk>8.9</risk><probability>0.959245</probability><defense_cost>15</defense_cost><asset_value>20</asset_value><exploitability>0.8</exploitability></host_values><vulnerabilities><or><vulnerability id="283182849799690838879550273397651672882" name="v2"><vulner_values><impact>4</impact><cost>5.7</cost><risk>4.3</risk><probability>0.43</probability><defense_cost>15</defense_cost><exploitability>0.8</exploitability></vulner_values></vulnerability><vulnerability id="32405161263324327073672155389511076139" name="v4"><vulner_values><impact>4</impact><cost>6.5</cost><risk>3.5</risk><probability>0.35</probability><defense_cost>15</defense_cost><exploitability>0.4</exploitability></vulner_values></vulnerability><vulnerability id="277270849853517602958748235945749576144" name="v3"><vulner_values><impact>9</impact><cost>1.2</cost><risk>8.9</risk><probability>0.89</probability><defense_cost>15</defense_cost><exploitability>0.4</exploitability></vulner_values></vulnerability></or></vulnerabilities></node><node id="177178841618567222917238547747589571435" name="Attacker"/><node id="35476572261658346332344691214720734767" name="VM 6"><host_values><impact>9</impact><cost>0.1</cost><risk>9.9</risk><probability>0.99978</probability><defense_cost>10</defense_cost><asset_value>20</asset_value><exploitability>0.4</exploitability></host_values><vulnerabilities><or><vulnerability id="188454624315940412281554055722601648273" name="v8"><vulner_values><impact>8</impact><cost>2.0</cost><risk>8.0</risk><probability>0.8</probability><defense_cost>10</defense_cost><exploitability>0.3</exploitability></vulner_values></vulnerability><vulnerability id="170984495008385343281241955585839362836" name="v1"><vulner_values><impact>9</impact><cost>0.1</cost><risk>9.9</risk><probability>0.99</probability><defense_cost>10</defense_cost><exploitability>0.4</exploitability></vulner_values></vulnerability><vulnerability id="245208114151835814434277546374977744845" name="v3"><vulner_values><impact>9</impact><cost>1.2</cost><risk>8.9</risk><probability>0.89</probability><defense_cost>15</defense_cost><exploitability>0.4</exploitability></vulner_values></vulnerability></or></vulnerabilities></node><node id="242602333950145185725245198650353659439" name="VM 2"><host_values><impact>9</impact><cost>1.2</cost><risk>8.9</risk><probability>0.94852</probability><defense_cost>15</defense_cost><asset_value>20</asset_value><exploitability>0.4</exploitability></host_values><vulnerabilities><or><vulnerability id="205655349489239664773202271690510938270" name="v7"><vulner_values><impact>3</impact><cost>7.2</cost><risk>2.8</risk><probability>0.28</probability><defense_cost>15</defense_cost><exploitability>0.3</exploitability></vulner_values></vulnerability><vulnerability id="255372850948275143956714601916151610822" name="v6"><vulner_values><impact>4</impact><cost>6.5</cost><risk>3.5</risk><probability>0.35</probability><defense_cost>15</defense_cost><exploitability>0.4</exploitability></vulner_values></vulnerability><vulnerability id="229849199026241590162878003824387818587" name="v3"><vulner_values><impact>9</impact><cost>1.2</cost><risk>8.9</risk><probability>0.89</probability><defense_cost>15</defense_cost><exploitability>0.4</exploitability></vulner_values></vulnerability></or></vulnerabilities></node><node id="316955933307125030724366712598880143100" name="VM 10"><host_values><impact>9</impact><cost>0.1</cost><risk>9.9</risk><probability>0.99886</probability><defense_cost>10</defense_cost><asset_value>20</asset_value><exploitability>0.8</exploitability></host_values><vulnerabilities><or><vulnerability id="188193133426996090066476769473126061384" name="v1"><vulner_values><impact>9</impact><cost>0.1</cost><risk>9.9</risk><probability>0.99</probability><defense_cost>10</defense_cost><exploitability>0.4</exploitability></vulner_values></vulnerability><vulnerability id="256849453566867978747814234548574593785" name="v2"><vulner_values><impact>4</impact><cost>5.7</cost><risk>4.3</risk><probability>0.43</probability><defense_cost>15</defense_cost><exploitability>0.8</exploitability></vulner_values></vulnerability><vulnerability id="65309746797397317127140290779806443571" name="v8"><vulner_values><impact>8</impact><cost>2.0</cost><risk>8.0</risk><probability>0.8</probability><defense_cost>10</defense_cost><exploitability>0.3</exploitability></vulner_values></vulnerability></or></vulnerabilities></node><node id="94495073683526924853608062288779591096" name="VM 14"><host_values><impact>9</impact><cost>1.2</cost><risk>8.9</risk><probability>0.954856</probability><defense_cost>15</defense_cost><asset_value>20</asset_value><exploitability>0.8</exploitability></host_values><vulnerabilities><or><vulnerability id="215287991365232920152778817338715603248" name="v7"><vulner_values><impact>3</impact><cost>7.2</cost><risk>2.8</risk><probability>0.28</probability><defense_cost>15</defense_cost><exploitability>0.3</exploitability></vulner_values></vulnerability><vulnerability id="161267778145531214891234059097718739702" name="v3"><vulner_values><impact>9</impact><cost>1.2</cost><risk>8.9</risk><probability>0.89</probability><defense_cost>15</defense_cost><exploitability>0.4</exploitability></vulner_values></vulnerability><vulnerability id="34771150474439406678528139945529074541" name="v2"><vulner_values><impact>4</impact><cost>5.7</cost><risk>4.3</risk><probability>0.43</probability><defense_cost>15</defense_cost><exploitability>0.8</exploitability></vulner_values></vulnerability></or></vulnerabilities></node><node id="45093420407572783927598805685602376087" name="VM 19"><host_values><impact>9</impact><cost>0.1</cost><risk>9.9</risk><probability>0.999373</probability><defense_cost>10</defense_cost><asset_value>20</asset_value><exploitability>0.8</exploitability></host_values><vulnerabilities><or><vulnerability id="250661555943359671673185328123306158634" name="v3"><vulner_values><impact>9</impact><cost>1.2</cost><risk>8.9</risk><probability>0.89</probability><defense_cost>15</defense_cost><exploitability>0.4</exploitability></vulner_values></vulnerability><vulnerability id="139517347073081929286817934178176612992" name="v1"><vulner_values><impact>9</impact><cost>0.1</cost><risk>9.9</risk><probability>0.99</probability><defense_cost>10</defense_cost><exploitability>0.4</exploitability></vulner_values></vulnerability><vulnerability id="303806419731953189606740574859159666551" name="v2"><vulner_values><impact>4</impact><cost>5.7</cost><risk>4.3</risk><probability>0.43</probability><defense_cost>15</defense_cost><exploitability>0.8</exploitability></vulner_values></vulnerability></or></vulnerabilities></node><node id="79223453312601983068351170330630057696" name="VM 18"><host_values><impact>8</impact><cost>2.0</cost><risk>8.0</risk><probability>0.90538</probability><defense_cost>10</defense_cost><asset_value>20</asset_value><exploitability>0.8</exploitability></host_values><vulnerabilities><or><vulnerability id="119145280223822043636043102921980059721" name="v8"><vulner_values><impact>8</impact><cost>2.0</cost><risk>8.0</risk><probability>0.8</probability><defense_cost>10</defense_cost><exploitability>0.3</exploitability></vulner_values></vulnerability><vulnerability id="34695526190915714016438070798043833349" name="v2"><vulner_values><impact>4</impact><cost>5.7</cost><risk>4.3</risk><probability>0.43</probability><defense_cost>15</defense_cost><exploitability>0.8</exploitability></vulner_values></vulnerability><vulnerability id="274049598386952132577024281066699428401" name="v5"><vulner_values><impact>2</impact><cost>8.3</cost><risk>1.7</risk><probability>0.17</probability><defense_cost>15</defense_cost><exploitability>0.8</exploitability></vulner_values></vulnerability></or></vulnerabilities></node><node id="105183050527473135091027466454516016164" name="VM 9"><host_values><impact>9</impact><cost>0.1</cost><risk>9.9</risk><probability>0.99532</probability><defense_cost>10</defense_cost><asset_value>20</asset_value><exploitability>0.4</exploitability></host_values><vulnerabilities><or><vulnerability id="283591790124886486061341598185217597450" name="v6"><vulner_values><impact>4</impact><cost>6.5</cost><risk>3.5</risk><probability>0.35</probability><defense_cost>15</defense_cost><exploitability>0.4</exploitability></vulner_values></vulnerability><vulnerability id="32791337822403838169410226217069006349" name="v1"><vulner_values><impact>9</impact><cost>0.1</cost><risk>9.9</risk><probability>0.99</probability><defense_cost>10</defense_cost><exploitability>0.4</exploitability></vulner_values></vulnerability><vulnerability id="315303572947634197459571155523675843809" name="v7"><vulner_values><impact>3</impact><cost>7.2</cost><risk>2.8</risk><probability>0.28</probability><defense_cost>15</defense_cost><exploitability>0.3</exploitability></vulner_values></vulnerability></or></vulnerabilities></node><node id="314372888338576513099697978919983564294" name="VM 13"><host_values><impact>8</impact><cost>2.0</cost><risk>8.0</risk><probability>0.91792</probability><defense_cost>10</defense_cost><asset_value>20</asset_value><exploitability>0.8</exploitability></host_values><vulnerabilities><or><vulnerability id="186666662339394238848954426795492328871" name="v2"><vulner_values><impact>4</impact><cost>5.7</cost><risk>4.3</risk><probability>0.43</probability><defense_cost>15</defense_cost><exploitability>0.8</exploitability></vulner_values></vulnerability><vulnerability id="142643798838501180474526329100157953838" name="v8"><vulner_values><impact>8</impact><cost>2.0</cost><risk>8.0</risk><probability>0.8</probability><defense_cost>10</defense_cost><exploitability>0.3</exploitability></vulner_values></vulnerability><vulnerability id="168913369533245953726546331942531847533" name="v7"><vulner_values><impact>3</impact><cost>7.2</cost><risk>2.8</risk><probability>0.28</probability><defense_cost>15</defense_cost><exploitability>0.3</exploitability></vulner_values></vulnerability></or></vulnerabilities></node><node id="296205570039551905729825291070259489671" name="VM 17"><host_values><impact>8</impact><cost>2.0</cost><risk>8.0</risk><probability>0.9259</probability><defense_cost>10</defense_cost><asset_value>20</asset_value><exploitability>0.8</exploitability></host_values><vulnerabilities><or><vulnerability id="48423740358577975103184609852204029179" name="v6"><vulner_values><impact>4</impact><cost>6.5</cost><risk>3.5</risk><probability>0.35</probability><defense_cost>15</defense_cost><exploitability>0.4</exploitability></vulner_values></vulnerability><vulnerability id="225088639735221482987040699177661036242" name="v8"><vulner_values><impact>8</impact><cost>2.0</cost><risk>8.0</risk><probability>0.8</probability><defense_cost>10</defense_cost><exploitability>0.3</exploitability></vulner_values></vulnerability><vulnerability id="195168938137738223295207350820850299663" name="v2"><vulner_values><impact>4</impact><cost>5.7</cost><risk>4.3</risk><probability>0.43</probability><defense_cost>15</defense_cost><exploitability>0.8</exploitability></vulner_values></vulnerability></or></vulnerabilities></node><node id="31558914403176748363470417417941744814" name="VM 5"><host_values><impact>9</impact><cost>0.1</cost><risk>9.9</risk><probability>0.99886</probability><defense_cost>10</defense_cost><asset_value>20</asset_value><exploitability>0.8</exploitability></host_values><vulnerabilities><or><vulnerability id="248262646038576630931664654027575927216" name="v8"><vulner_values><impact>8</impact><cost>2.0</cost><risk>8.0</risk><probability>0.8</probability><defense_cost>10</defense_cost><exploitability>0.3</exploitability></vulner_values></vulnerability><vulnerability id="103457994495832262059497058608095425443" name="v1"><vulner_values><impact>9</impact><cost>0.1</cost><risk>9.9</risk><probability>0.99</probability><defense_cost>10</defense_cost><exploitability>0.4</exploitability></vulner_values></vulnerability><vulnerability id="113223166511137660329914611075178978625" name="v2"><vulner_values><impact>4</impact><cost>5.7</cost><risk>4.3</risk><probability>0.43</probability><defense_cost>15</defense_cost><exploitability>0.8</exploitability></vulner_values></vulnerability></or></vulnerabilities></node></nodes><edges><edge><source>0</source><target>16</target></edge><edge><source>1</source><target>12</target></edge><edge><source>1</source><target>2</target></edge><edge><source>1</source><target>14</target></edge><edge><source>1</source><target>7</target></edge><edge><source>2</source><target>17</target></edge><edge><source>2</source><target>20</target></edge><edge><source>2</source><target>11</target></edge><edge><source>2</source><target>16</target></edge><edge><source>2</source><target>9</target></edge><edge><source>3</source><target>12</target></edge><edge><source>3</source><target>1</target></edge><edge><source>4</source><target>19</target></edge><edge><source>5</source><target>13</target></edge><edge><source>5</source><target>17</target></edge><edge><source>6</source><target>13</target></edge><edge><source>6</source><target>1</target></edge><edge><source>6</source><target>2</target></edge><edge><source>7</source><target>19</target></edge><edge><source>7</source><target>5</target></edge><edge><source>7</source><target>14</target></edge><edge><source>7</source><target>17</target></edge><edge><source>8</source><target>1</target></edge><edge><source>8</source><target>3</target></edge><edge><source>8</source><target>9</target></edge><edge><source>9</source><target>15</target></edge><edge><source>10</source><target>13</target></edge><edge><source>10</source><target>4</target></edge><edge><source>11</source><target>0</target></edge><edge><source>12</source><target>9</target></edge><edge><source>13</source><target>19</target></edge><edge><source>14</source><target>2</target></edge><edge><source>14</source><target>7</target></edge><edge><source>15</source><target>1</target></edge><edge><source>15</source><target>19</target></edge><edge><source>16</source><target>5</target></edge><edge><source>16</source><target>13</target></edge><edge><source>16</source><target>3</target></edge><edge><source>17</source><target>9</target></edge><edge><source>18</source><target>13</target></edge><edge><source>18</source><target>15</target></edge><edge><source>19</source><target>14</target></edge><edge><source>19</source><target>20</target></edge><edge><source>20</source><target>12</target></edge><edge><source>20</source><target>17</target></edge></edges></harm>