<harm><nodes><node id="77451050527940444971240709425345944471" name="VM 19"><host_values><exposure_factor>0.2</exposure_factor><asset_value>20</asset_value></host_values><vulnerabilities><or><vulnerability id="185015845342605024330279303975364507670" name="CVE-2016-0118"><vulner_values><impact>10</impact><defense_cost>10</defense_cost><cost>0.7</cost><risk>9.3</risk><probability>0.93</probability></vulner_values></vulnerability><vulnerability id="307419658414344801323844972966014910691" name="CVE-2016-1946"><vulner_values><impact>10</impact><defense_cost>8</defense_cost><cost>5.0</cost><risk>10</risk><probability>0.1</probability></vulner_values></vulnerability></or></vulnerabilities></node><node id="228641811240815280341907802645716311207" name="VM 8"><host_values><exposure_factor>0.2</exposure_factor><asset_value>20</asset_value></host_values><vulnerabilities><or><vulnerability id="46768220399908467309489428888877451871" name="CVE-2016-0118"><vulner_values><impact>10</impact><defense_cost>10</defense_cost><cost>0.7</cost><risk>9.3</risk><probability>0.93</probability></vulner_values></vulnerability><vulnerability id="156984283441968082216284757150489566499" name="CVE-2016-1946"><vulner_values><impact>10</impact><defense_cost>8</defense_cost><cost>5.0</cost><risk>10</risk><probability>0.1</probability></vulner_values></vulnerability></or></vulnerabilities></node><node id="296597080252168543042595071303926174717" name="VM 6"><host_values><exposure_factor>0.2</exposure_factor><asset_value>20</asset_value></host_values><vulnerabilities><or><vulnerability id="269781793841546772081046313201460407178" name="CVE-2016-0118"><vulner_values><impact>10</impact><defense_cost>10</defense_cost><cost>0.7</cost><risk>9.3</risk><probability>0.93</probability></vulner_values></vulnerability><vulnerability id="283775121233040681835685805829989671584" name="CVE-2016-1946"><vulner_values><impact>10</impact><defense_cost>8</defense_cost><cost>5.0</cost><risk>10</risk><probability>0.1</probability></vulner_values></vulnerability></or></vulnerabilities></node><node id="90273374676616110959225359135774779162" name="VM 16"><host_values><exposure_factor>0.2</exposure_factor><asset_value>20</asset_value></host_values><vulnerabilities><or><vulnerability id="166309200741765809243553553721541935145" name="CVE-2016-0118"><vulner_values><impact>10</impact><defense_cost>10</defense_cost><cost>0.7</cost><risk>9.3</risk><probability>0.93</probability></vulner_values></vulnerability><vulnerability id="290571040806970063612428641555957089493" name="CVE-2016-1946"><vulner_values><impact>10</impact><defense_cost>8</defense_cost><cost>5.0</cost><risk>10</risk><probability>0.1</probability></vulner_values></vulnerability></or></vulnerabilities></node><node id="87583447196593860975012218016687989086" name="Attacker"/><node id="14788629237215199165578883212000317480" name="VM 7"><host_values><exposure_factor>0.2</exposure_factor><asset_value>20</asset_value></host_values><vulnerabilities><or><vulnerability id="265678955128507645525699353323999846394" name="CVE-2016-0118"><vulner_values><impact>10</impact><defense_cost>10</defense_cost><cost>0.7</cost><risk>9.3</risk><probability>0.93</probability></vulner_values></vulnerability><vulnerability id="162126163366850092150990349163048275508" name="CVE-2016-1946"><vulner_values><impact>10</impact><defense_cost>8</defense_cost><cost>5.0</cost><risk>10</risk><probability>0.1</probability></vulner_values></vulnerability></or></vulnerabilities></node><node id="159141445669614703103233741910178881649" name="VM 14"><host_values><exposure_factor>0.2</exposure_factor><asset_value>20</asset_value></host_values><vulnerabilities><or><vulnerability id="268997892664523692880695020442090399951" name="CVE-2016-0118"><vulner_values><impact>10</impact><defense_cost>10</defense_cost><cost>0.7</cost><risk>9.3</risk><probability>0.93</probability></vulner_values></vulnerability><vulnerability id="176714286448329341210428260404389146715" name="CVE-2016-1946"><vulner_values><impact>10</impact><defense_cost>8</defense_cost><cost>5.0</cost><risk>10</risk><probability>0.1</probability></vulner_values></vulnerability></or></vulnerabilities></node><node id="48915470678761117944196274162362911482" name="VM 11"><host_values><exposure_factor>0.2</exposure_factor><asset_value>20</asset_value></host_values><vulnerabilities><or><vulnerability id="247910390759616826502700009260395220283" name="CVE-2016-0118"><vulner_values><impact>10</impact><defense_cost>10</defense_cost><cost>0.7</cost><risk>9.3</risk><probability>0.93</probability></vulner_values></vulnerability><vulnerability id="54470814169201530974339677624367094108" name="CVE-2016-1946"><vulner_values><impact>10</impact><defense_cost>8</defense_cost><cost>5.0</cost><risk>10</risk><probability>0.1</probability></vulner_values></vulnerability></or></vulnerabilities></node><node id="89229132403910952143876925813187185307" name="VM 0"><host_values><exposure_factor>0.2</exposure_factor><asset_value>20</asset_value></host_values><vulnerabilities><or><vulnerability id="179999540858620346856248814109281798468" name="CVE-2016-0118"><vulner_values><impact>10</impact><defense_cost>10</defense_cost><cost>0.7</cost><risk>9.3</risk><probability>0.93</probability></vulner_values></vulnerability><vulnerability id="102003677684125191841091862622921817314" name="CVE-2016-1946"><vulner_values><impact>10</impact><defense_cost>8</defense_cost><cost>5.0</cost><risk>10</risk><probability>0.1</probability></vulner_values></vulnerability></or></vulnerabilities></node><node id="283525262926753608743538578222235898637" name="VM 15"><host_values><exposure_factor>0.2</exposure_factor><asset_value>20</asset_value></host_values><vulnerabilities><or><vulnerability id="242638368137369471238736574183528992493" name="CVE-2016-0118"><vulner_values><impact>10</impact><defense_cost>10</defense_cost><cost>0.7</cost><risk>9.3</risk><probability>0.93</probability></vulner_values></vulnerability><vulnerability id="43984598904907099129300662769226273119" name="CVE-2016-1946"><vulner_values><impact>10</impact><defense_cost>8</defense_cost><cost>5.0</cost><risk>10</risk><probability>0.1</probability></vulner_values></vulnerability></or></vulnerabilities></node><node id="66719612898196783373337902582939577286" name="VM 1"><host_values><exposure_factor>0.2</exposure_factor><asset_value>20</asset_value></host_values><vulnerabilities><or><vulnerability id="170875923567563206316710659158437765193" name="CVE-2016-0118"><vulner_values><impact>10</impact><defense_cost>10</defense_cost><cost>0.7</cost><risk>9.3</risk><probability>0.93</probability></vulner_values></vulnerability><vulnerability id="240539205699841058694706122523989169569" name="CVE-2016-1946"><vulner_values><impact>10</impact><defense_cost>8</defense_cost><cost>5.0</cost><risk>10</risk><probability>0.1</probability></vulner_values></vulnerability></or></vulnerabilities></node><node id="13727164377132171896623569433347566022" name="VM 17"><host_values><exposure_factor>0.2</exposure_factor><asset_value>20</asset_value></host_values><vulnerabilities><or><vulnerability id="42212310851261440530267939458994474815" name="CVE-2016-0118"><vulner_values><impact>10</impact><defense_cost>10</defense_cost><cost>0.7</cost><risk>9.3</risk><probability>0.93</probability></vulner_values></vulnerability><vulnerability id="115798125995650973822837411413195691733" name="CVE-2016-1946"><vulner_values><impact>10</impact><defense_cost>8</defense_cost><cost>5.0</cost><risk>10</risk><probability>0.1</probability></vulner_values></vulnerability></or></vulnerabilities></node><node id="111153746159033776657605169847123729455" name="VM 10"><host_values><exposure_factor>0.2</exposure_factor><asset_value>20</asset_value></host_values><vulnerabilities><or><vulnerability id="58760689038081542729912521558232924428" name="CVE-2016-0118"><vulner_values><impact>10</impact><defense_cost>10</defense_cost><cost>0.7</cost><risk>9.3</risk><probability>0.93</probability></vulner_values></vulnerability><vulnerability id="131981633942769203958702899837775781855" name="CVE-2016-1946"><vulner_values><impact>10</impact><defense_cost>8</defense_cost><cost>5.0</cost><risk>10</risk><probability>0.1</probability></vulner_values></vulnerability></or></vulnerabilities></node><node id="121161637547169113579150596337300614547" name="VM 2"><host_values><exposure_factor>0.2</exposure_factor><asset_value>20</asset_value></host_values><vulnerabilities><or><vulnerability id="303403769775053219550322935959567395135" name="CVE-2016-0118"><vulner_values><impact>10</impact><defense_cost>10</defense_cost><cost>0.7</cost><risk>9.3</risk><probability>0.93</probability></vulner_values></vulnerability><vulnerability id="187164724526219935600276959354805996658" name="CVE-2016-1946"><vulner_values><impact>10</impact><defense_cost>8</defense_cost><cost>5.0</cost><risk>10</risk><probability>0.1</probability></vulner_values></vulnerability></or></vulnerabilities></node><node id="198870073726033660137312904969685289635" name="VM 13"><host_values><exposure_factor>0.2</exposure_factor><asset_value>20</asset_value></host_values><vulnerabilities><or><vulnerability id="172722868087392693216609853407470530291" name="CVE-2016-0118"><vulner_values><impact>10</impact><defense_cost>10</defense_cost><cost>0.7</cost><risk>9.3</risk><probability>0.93</probability></vulner_values></vulnerability><vulnerability id="44620801258342077119845085912447356302" name="CVE-2016-1946"><vulner_values><impact>10</impact><defense_cost>8</defense_cost><cost>5.0</cost><risk>10</risk><probability>0.1</probability></vulner_values></vulnerability></or></vulnerabilities></node><node id="193067723431758168701280147080712032016" name="VM 3"><host_values><exposure_factor>0.2</exposure_factor><asset_value>20</asset_value></host_values><vulnerabilities><or><vulnerability id="838390162287339112185274680224252129" name="CVE-2016-0118"><vulner_values><impact>10</impact><defense_cost>10</defense_cost><cost>0.7</cost><risk>9.3</risk><probability>0.93</probability></vulner_values></vulnerability><vulnerability id="43420669604689016847278445435966768076" name="CVE-2016-1946"><vulner_values><impact>10</impact><defense_cost>8</defense_cost><cost>5.0</cost><risk>10</risk><probability>0.1</probability></vulner_values></vulnerability></or></vulnerabilities></node><node id="200869712278772282705694875318790705094" name="VM 9"><host_values><exposure_factor>0.2</exposure_factor><asset_value>20</asset_value></host_values><vulnerabilities><or><vulnerability id="255141613537314056109778667938850437608" name="CVE-2016-0118"><vulner_values><impact>10</impact><defense_cost>10</defense_cost><cost>0.7</cost><risk>9.3</risk><probability>0.93</probability></vulner_values></vulnerability><vulnerability id="85491965723112085465243553046010932912" name="CVE-2016-1946"><vulner_values><impact>10</impact><defense_cost>8</defense_cost><cost>5.0</cost><risk>10</risk><probability>0.1</probability></vulner_values></vulnerability></or></vulnerabilities></node><node id="329997312710941087417157669301519340715" name="VM 4"><host_values><exposure_factor>0.2</exposure_factor><asset_value>20</asset_value></host_values><vulnerabilities><or><vulnerability id="199774489403798392710696390005075025671" name="CVE-2016-0118"><vulner_values><impact>10</impact><defense_cost>10</defense_cost><cost>0.7</cost><risk>9.3</risk><probability>0.93</probability></vulner_values></vulnerability><vulnerability id="3737332156932149327438418971826459083" name="CVE-2016-1946"><vulner_values><impact>10</impact><defense_cost>8</defense_cost><cost>5.0</cost><risk>10</risk><probability>0.1</probability></vulner_values></vulnerability></or></vulnerabilities></node><node id="220924818487562380713431270956395742003" name="VM 12"><host_values><exposure_factor>0.2</exposure_factor><asset_value>20</asset_value></host_values><vulnerabilities><or><vulnerability id="99598558423357380655396550211362327038" name="CVE-2016-0118"><vulner_values><impact>10</impact><defense_cost>10</defense_cost><cost>0.7</cost><risk>9.3</risk><probability>0.93</probability></vulner_values></vulnerability><vulnerability id="288341052599057633773326933345020095852" name="CVE-2016-1946"><vulner_values><impact>10</impact><defense_cost>8</defense_cost><cost>5.0</cost><risk>10</risk><probability>0.1</probability></vulner_values></vulnerability></or></vulnerabilities></node><node id="163087034465629627489967942783277101705" name="VM 18"><host_values><exposure_factor>0.2</exposure_factor><asset_value>20</asset_value></host_values><vulnerabilities><or><vulnerability id="153911464353402913330519475706783953493" name="CVE-2016-0118"><vulner_values><impact>10</impact><defense_cost>10</defense_cost><cost>0.7</cost><risk>9.3</risk><probability>0.93</probability></vulner_values></vulnerability><vulnerability id="292110941709636982697924988354975198992" name="CVE-2016-1946"><vulner_values><impact>10</impact><defense_cost>8</defense_cost><cost>5.0</cost><risk>10</risk><probability>0.1</probability></vulner_values></vulnerability></or></vulnerabilities></node><node id="197026988871346914082901230227710799969" name="VM 5"><host_values><exposure_factor>0.2</exposure_factor><asset_value>20</asset_value></host_values><vulnerabilities><or><vulnerability id="79003136493476432941825271183039578845" name="CVE-2016-0118"><vulner_values><impact>10</impact><defense_cost>10</defense_cost><cost>0.7</cost><risk>9.3</risk><probability>0.93</probability></vulner_values></vulnerability><vulnerability id="173244214591847155055920371960774205240" name="CVE-2016-1946"><vulner_values><impact>10</impact><defense_cost>8</defense_cost><cost>5.0</cost><risk>10</risk><probability>0.1</probability></vulner_values></vulnerability></or></vulnerabilities></node></nodes><edges><edge><source>0</source><target>10</target></edge><edge><source>1</source><target>12</target></edge><edge><source>1</source><target>16</target></edge><edge><source>2</source><target>1</target></edge><edge><source>2</source><target>5</target></edge><edge><source>3</source><target>19</target></edge><edge><source>3</source><target>11</target></edge><edge><source>4</source><target>10</target></edge><edge><source>5</source><target>1</target></edge><edge><source>5</source><target>16</target></edge><edge><source>6</source><target>3</target></edge><edge><source>6</source><target>9</target></edge><edge><source>7</source><target>18</target></edge><edge><source>7</source><target>14</target></edge><edge><source>8</source><target>13</target></edge><edge><source>8</source><target>10</target></edge><edge><source>9</source><target>3</target></edge><edge><source>9</source><target>11</target></edge><edge><source>10</source><target>13</target></edge><edge><source>10</source><target>15</target></edge><edge><source>11</source><target>19</target></edge><edge><source>11</source><target>0</target></edge><edge><source>12</source><target>18</target></edge><edge><source>12</source><target>7</target></edge><edge><source>13</source><target>17</target></edge><edge><source>13</source><target>15</target></edge><edge><source>14</source><target>6</target></edge><edge><source>14</source><target>9</target></edge><edge><source>15</source><target>17</target></edge><edge><source>15</source><target>20</target></edge><edge><source>16</source><target>12</target></edge><edge><source>16</source><target>7</target></edge><edge><source>17</source><target>2</target></edge><edge><source>17</source><target>20</target></edge><edge><source>18</source><target>6</target></edge><edge><source>18</source><target>14</target></edge><edge><source>19</source><target>0</target></edge><edge><source>20</source><target>2</target></edge><edge><source>20</source><target>5</target></edge></edges></harm>