<harm><nodes><node id="286535949955977647576881304963873482323" name="VM 16"><host_values><impact>2</impact><risk>2.1</risk><probability>0.21</probability><variant>1</variant><asset_value>20</asset_value><cost>7.9</cost><defense_cost>10</defense_cost><exposure_factor>0.2</exposure_factor><exploitability>0.89</exploitability></host_values><vulnerabilities><or><vulnerability id="264222951089096195569865840362714899675" name="CVE-2014-5270"><vulner_values><impact>2</impact><cost>7.9</cost><risk>2.1</risk><probability>0.21</probability><defense_cost>10</defense_cost><exploitability>0.89</exploitability></vulner_values></vulnerability></or></vulnerabilities></node><node id="38295738938368253956067890425193811205" name="VM 0"><host_values><impact>2</impact><risk>2.1</risk><probability>0.21</probability><variant>1</variant><asset_value>20</asset_value><cost>7.9</cost><defense_cost>10</defense_cost><exposure_factor>0.2</exposure_factor><exploitability>0.04</exploitability></host_values><vulnerabilities><or><vulnerability id="4089314256042797109905476641742628885" name="CVE-2014-5270"><vulner_values><impact>2</impact><cost>7.9</cost><risk>2.1</risk><probability>0.21</probability><defense_cost>10</defense_cost><exploitability>0.04</exploitability></vulner_values></vulnerability></or></vulnerabilities></node><node id="296518943368634070472593736202663184146" name="VM 13"><host_values><impact>2</impact><risk>2.1</risk><probability>0.21</probability><variant>3</variant><asset_value>20</asset_value><cost>7.9</cost><defense_cost>10</defense_cost><exposure_factor>0.2</exposure_factor><exploitability>0.19</exploitability></host_values><vulnerabilities><or><vulnerability id="159015808696022915727235617042618266450" name="CVE-2014-5270"><vulner_values><impact>2</impact><cost>7.9</cost><risk>2.1</risk><probability>0.21</probability><defense_cost>10</defense_cost><exploitability>0.19</exploitability></vulner_values></vulnerability></or></vulnerabilities></node><node id="152672793649123903934012684591676723892" name="VM 9"><host_values><impact>2</impact><risk>2.1</risk><probability>0.21</probability><variant>3</variant><asset_value>20</asset_value><cost>7.9</cost><defense_cost>10</defense_cost><exposure_factor>0.2</exposure_factor><exploitability>0.82</exploitability></host_values><vulnerabilities><or><vulnerability id="118382797591326210689473858198860449143" name="CVE-2014-5270"><vulner_values><impact>2</impact><cost>7.9</cost><risk>2.1</risk><probability>0.21</probability><defense_cost>10</defense_cost><exploitability>0.82</exploitability></vulner_values></vulnerability></or></vulnerabilities></node><node id="141178035275169046110647099265664342320" name="VM 7"><host_values><impact>2</impact><risk>2.1</risk><probability>0.21</probability><variant>2</variant><asset_value>20</asset_value><cost>7.9</cost><defense_cost>10</defense_cost><exposure_factor>0.2</exposure_factor><exploitability>0.87</exploitability></host_values><vulnerabilities><or><vulnerability id="237658111737570301259697497845857296346" name="CVE-2014-5270"><vulner_values><impact>2</impact><cost>7.9</cost><risk>2.1</risk><probability>0.21</probability><defense_cost>10</defense_cost><exploitability>0.87</exploitability></vulner_values></vulnerability></or></vulnerabilities></node><node id="319233705669426628509255893268288271083" name="VM 8"><host_values><impact>2</impact><risk>2.1</risk><probability>0.21</probability><variant>2</variant><asset_value>20</asset_value><cost>7.9</cost><defense_cost>10</defense_cost><exposure_factor>0.2</exposure_factor><exploitability>0.38</exploitability></host_values><vulnerabilities><or><vulnerability id="31718363238305854179672519857484279084" name="CVE-2014-5270"><vulner_values><impact>2</impact><cost>7.9</cost><risk>2.1</risk><probability>0.21</probability><defense_cost>10</defense_cost><exploitability>0.38</exploitability></vulner_values></vulnerability></or></vulnerabilities></node><node id="97068992414371857143960159030723285788" name="VM 2"><host_values><impact>2</impact><risk>2.1</risk><probability>0.21</probability><variant>4</variant><asset_value>20</asset_value><cost>7.9</cost><defense_cost>10</defense_cost><exposure_factor>0.2</exposure_factor><exploitability>0.87</exploitability></host_values><vulnerabilities><or><vulnerability id="68145571415573591482647828784634245886" name="CVE-2014-5270"><vulner_values><impact>2</impact><cost>7.9</cost><risk>2.1</risk><probability>0.21</probability><defense_cost>10</defense_cost><exploitability>0.87</exploitability></vulner_values></vulnerability></or></vulnerabilities></node><node id="113333704612897271837498748939233287615" name="VM 12"><host_values><impact>2</impact><risk>2.1</risk><probability>0.21</probability><variant>5</variant><asset_value>20</asset_value><cost>7.9</cost><defense_cost>10</defense_cost><exposure_factor>0.2</exposure_factor><exploitability>0.71</exploitability></host_values><vulnerabilities><or><vulnerability id="173969899179236460005073247934761271340" name="CVE-2014-5270"><vulner_values><impact>2</impact><cost>7.9</cost><risk>2.1</risk><probability>0.21</probability><defense_cost>10</defense_cost><exploitability>0.71</exploitability></vulner_values></vulnerability></or></vulnerabilities></node><node id="194845824733782741596560941651308677463" name="VM 19"><host_values><impact>2</impact><risk>2.1</risk><probability>0.21</probability><variant>1</variant><asset_value>20</asset_value><cost>7.9</cost><defense_cost>10</defense_cost><exposure_factor>0.2</exposure_factor><exploitability>0.1</exploitability></host_values><vulnerabilities><or><vulnerability id="15701651531878329784357769586346780444" name="CVE-2014-5270"><vulner_values><impact>2</impact><cost>7.9</cost><risk>2.1</risk><probability>0.21</probability><defense_cost>10</defense_cost><exploitability>0.1</exploitability></vulner_values></vulnerability></or></vulnerabilities></node><node id="87903597576986169588890215819532775710" name="VM 3"><host_values><impact>2</impact><risk>2.1</risk><probability>0.21</probability><variant>4</variant><asset_value>20</asset_value><cost>7.9</cost><defense_cost>10</defense_cost><exposure_factor>0.2</exposure_factor><exploitability>0.68</exploitability></host_values><vulnerabilities><or><vulnerability id="152590433863258363850921707903480754326" name="CVE-2014-5270"><vulner_values><impact>2</impact><cost>7.9</cost><risk>2.1</risk><probability>0.21</probability><defense_cost>10</defense_cost><exploitability>0.68</exploitability></vulner_values></vulnerability></or></vulnerabilities></node><node id="247240068867958041845993221890434088821" name="VM 11"><host_values><impact>2</impact><risk>2.1</risk><probability>0.21</probability><variant>2</variant><asset_value>20</asset_value><cost>7.9</cost><defense_cost>10</defense_cost><exposure_factor>0.2</exposure_factor><exploitability>0.2</exploitability></host_values><vulnerabilities><or><vulnerability id="291810849605357780834268214869808234658" name="CVE-2014-5270"><vulner_values><impact>2</impact><cost>7.9</cost><risk>2.1</risk><probability>0.21</probability><defense_cost>10</defense_cost><exploitability>0.2</exploitability></vulner_values></vulnerability></or></vulnerabilities></node><node id="192910978315168905483456322416209807336" name="VM 18"><host_values><impact>2</impact><risk>2.1</risk><probability>0.21</probability><variant>4</variant><asset_value>20</asset_value><cost>7.9</cost><defense_cost>10</defense_cost><exposure_factor>0.2</exposure_factor><exploitability>0.09</exploitability></host_values><vulnerabilities><or><vulnerability id="47807534669410708533339558597691624027" name="CVE-2014-5270"><vulner_values><impact>2</impact><cost>7.9</cost><risk>2.1</risk><probability>0.21</probability><defense_cost>10</defense_cost><exploitability>0.09</exploitability></vulner_values></vulnerability></or></vulnerabilities></node><node id="306525382103206577331510102860222442675" name="VM 4"><host_values><impact>2</impact><risk>2.1</risk><probability>0.21</probability><variant>4</variant><asset_value>20</asset_value><cost>7.9</cost><defense_cost>10</defense_cost><exposure_factor>0.2</exposure_factor><exploitability>0.22</exploitability></host_values><vulnerabilities><or><vulnerability id="214473312241899594683543751986888875242" name="CVE-2014-5270"><vulner_values><impact>2</impact><cost>7.9</cost><risk>2.1</risk><probability>0.21</probability><defense_cost>10</defense_cost><exploitability>0.22</exploitability></vulner_values></vulnerability></or></vulnerabilities></node><node id="200765264614119802602557712636956051329" name="VM 5"><host_values><impact>2</impact><risk>2.1</risk><probability>0.21</probability><variant>4</variant><asset_value>20</asset_value><cost>7.9</cost><defense_cost>10</defense_cost><exposure_factor>0.2</exposure_factor><exploitability>0.71</exploitability></host_values><vulnerabilities><or><vulnerability id="15010240989573842006442313863006223059" name="CVE-2014-5270"><vulner_values><impact>2</impact><cost>7.9</cost><risk>2.1</risk><probability>0.21</probability><defense_cost>10</defense_cost><exploitability>0.71</exploitability></vulner_values></vulnerability></or></vulnerabilities></node><node id="88866393152977676477356277150722829028" name="VM 6"><host_values><impact>2</impact><risk>2.1</risk><probability>0.21</probability><variant>4</variant><asset_value>20</asset_value><cost>7.9</cost><defense_cost>10</defense_cost><exposure_factor>0.2</exposure_factor><exploitability>0.92</exploitability></host_values><vulnerabilities><or><vulnerability id="102249681522875691615228842020792014347" name="CVE-2014-5270"><vulner_values><impact>2</impact><cost>7.9</cost><risk>2.1</risk><probability>0.21</probability><defense_cost>10</defense_cost><exploitability>0.92</exploitability></vulner_values></vulnerability></or></vulnerabilities></node><node id="195649316461934647628269042201062962138" name="VM 17"><host_values><impact>2</impact><risk>2.1</risk><probability>0.21</probability><variant>2</variant><asset_value>20</asset_value><cost>7.9</cost><defense_cost>10</defense_cost><exposure_factor>0.2</exposure_factor><exploitability>0.48</exploitability></host_values><vulnerabilities><or><vulnerability id="324828250609451253905071196563695954827" name="CVE-2014-5270"><vulner_values><impact>2</impact><cost>7.9</cost><risk>2.1</risk><probability>0.21</probability><defense_cost>10</defense_cost><exploitability>0.48</exploitability></vulner_values></vulnerability></or></vulnerabilities></node><node id="236006471667285866479832607407216144287" name="VM 14"><host_values><impact>2</impact><risk>2.1</risk><probability>0.21</probability><variant>4</variant><asset_value>20</asset_value><cost>7.9</cost><defense_cost>10</defense_cost><exposure_factor>0.2</exposure_factor><exploitability>0.78</exploitability></host_values><vulnerabilities><or><vulnerability id="210210806858539968085609219610608948800" name="CVE-2014-5270"><vulner_values><impact>2</impact><cost>7.9</cost><risk>2.1</risk><probability>0.21</probability><defense_cost>10</defense_cost><exploitability>0.78</exploitability></vulner_values></vulnerability></or></vulnerabilities></node><node id="215458096903406375747493891482182615537" name="VM 10"><host_values><impact>2</impact><risk>2.1</risk><probability>0.21</probability><variant>4</variant><asset_value>20</asset_value><cost>7.9</cost><defense_cost>10</defense_cost><exposure_factor>0.2</exposure_factor><exploitability>0.33</exploitability></host_values><vulnerabilities><or><vulnerability id="50232244997293855021337626918938629643" name="CVE-2014-5270"><vulner_values><impact>2</impact><cost>7.9</cost><risk>2.1</risk><probability>0.21</probability><defense_cost>10</defense_cost><exploitability>0.33</exploitability></vulner_values></vulnerability></or></vulnerabilities></node><node id="51776137643142213417169849999394796138" name="VM 15"><host_values><impact>2</impact><risk>2.1</risk><probability>0.21</probability><variant>2</variant><asset_value>20</asset_value><cost>7.9</cost><defense_cost>10</defense_cost><exposure_factor>0.2</exposure_factor><exploitability>0.62</exploitability></host_values><vulnerabilities><or><vulnerability id="246954049087782369119299261815489372576" name="CVE-2014-5270"><vulner_values><impact>2</impact><cost>7.9</cost><risk>2.1</risk><probability>0.21</probability><defense_cost>10</defense_cost><exploitability>0.62</exploitability></vulner_values></vulnerability></or></vulnerabilities></node><node id="287800660016040811493585070108184696020" name="Attacker"/><node id="146325359154191937181391203364999304711" name="VM 1"><host_values><impact>2</impact><risk>2.1</risk><probability>0.21</probability><variant>1</variant><asset_value>20</asset_value><cost>7.9</cost><defense_cost>10</defense_cost><exposure_factor>0.2</exposure_factor><exploitability>0.05</exploitability></host_values><vulnerabilities><or><vulnerability id="283125301771357453268161066773579126040" name="CVE-2014-5270"><vulner_values><impact>2</impact><cost>7.9</cost><risk>2.1</risk><probability>0.21</probability><defense_cost>10</defense_cost><exploitability>0.05</exploitability></vulner_values></vulnerability></or></vulnerabilities></node></nodes><edges><edge><source>0</source><target>15</target></edge><edge><source>0</source><target>5</target></edge><edge><source>0</source><target>16</target></edge><edge><source>0</source><target>2</target></edge><edge><source>0</source><target>7</target></edge><edge><source>1</source><target>16</target></edge><edge><source>2</source><target>1</target></edge><edge><source>2</source><target>3</target></edge><edge><source>2</source><target>11</target></edge><edge><source>3</source><target>16</target></edge><edge><source>3</source><target>15</target></edge><edge><source>4</source><target>14</target></edge><edge><source>4</source><target>3</target></edge><edge><source>4</source><target>7</target></edge><edge><source>5</source><target>12</target></edge><edge><source>5</source><target>18</target></edge><edge><source>5</source><target>10</target></edge><edge><source>5</source><target>16</target></edge><edge><source>6</source><target>8</target></edge><edge><source>6</source><target>12</target></edge><edge><source>6</source><target>13</target></edge><edge><source>6</source><target>18</target></edge><edge><source>7</source><target>20</target></edge><edge><source>7</source><target>10</target></edge><edge><source>8</source><target>1</target></edge><edge><source>8</source><target>17</target></edge><edge><source>8</source><target>7</target></edge><edge><source>8</source><target>3</target></edge><edge><source>8</source><target>12</target></edge><edge><source>10</source><target>14</target></edge><edge><source>11</source><target>6</target></edge><edge><source>11</source><target>9</target></edge><edge><source>11</source><target>10</target></edge><edge><source>11</source><target>7</target></edge><edge><source>11</source><target>2</target></edge><edge><source>11</source><target>16</target></edge><edge><source>12</source><target>5</target></edge><edge><source>13</source><target>15</target></edge><edge><source>13</source><target>5</target></edge><edge><source>13</source><target>10</target></edge><edge><source>13</source><target>0</target></edge><edge><source>14</source><target>11</target></edge><edge><source>14</source><target>1</target></edge><edge><source>14</source><target>17</target></edge><edge><source>14</source><target>7</target></edge><edge><source>14</source><target>5</target></edge><edge><source>15</source><target>12</target></edge><edge><source>15</source><target>17</target></edge><edge><source>16</source><target>11</target></edge><edge><source>16</source><target>18</target></edge><edge><source>16</source><target>20</target></edge><edge><source>16</source><target>4</target></edge><edge><source>16</source><target>9</target></edge><edge><source>17</source><target>16</target></edge><edge><source>18</source><target>1</target></edge><edge><source>18</source><target>3</target></edge><edge><source>19</source><target>8</target></edge><edge><source>19</source><target>2</target></edge><edge><source>20</source><target>6</target></edge><edge><source>20</source><target>3</target></edge><edge><source>20</source><target>18</target></edge></edges></harm>