<harm><nodes><node id="90583825797245469359982997436162290149" name="VM 7"><host_values><impact>2</impact><risk>2.1</risk><probability>0.21</probability><variant>2</variant><asset_value>20</asset_value><cost>7.9</cost><defense_cost>10</defense_cost><exploitability>0.75</exploitability></host_values><vulnerabilities><or><vulnerability id="168207977962088156099621827915277991693" name="CVE-2014-5270"><vulner_values><impact>2</impact><cost>7.9</cost><risk>2.1</risk><probability>0.21</probability><defense_cost>10</defense_cost><exploitability>0.75</exploitability></vulner_values></vulnerability></or></vulnerabilities></node><node id="13645062418442178645487985708048557714" name="VM 10"><host_values><impact>2</impact><risk>2.1</risk><probability>0.21</probability><variant>3</variant><asset_value>20</asset_value><cost>7.9</cost><defense_cost>10</defense_cost><exploitability>0.96</exploitability></host_values><vulnerabilities><or><vulnerability id="321037885247487426727451862203767830926" name="CVE-2014-5270"><vulner_values><impact>2</impact><cost>7.9</cost><risk>2.1</risk><probability>0.21</probability><defense_cost>10</defense_cost><exploitability>0.96</exploitability></vulner_values></vulnerability></or></vulnerabilities></node><node id="60202169202777191641711525092445204757" name="VM 17"><host_values><impact>2</impact><risk>2.1</risk><probability>0.21</probability><variant>3</variant><asset_value>20</asset_value><cost>7.9</cost><defense_cost>10</defense_cost><exploitability>0.72</exploitability></host_values><vulnerabilities><or><vulnerability id="35621250121015600801235850664634290123" name="CVE-2014-5270"><vulner_values><impact>2</impact><cost>7.9</cost><risk>2.1</risk><probability>0.21</probability><defense_cost>10</defense_cost><exploitability>0.72</exploitability></vulner_values></vulnerability></or></vulnerabilities></node><node id="253614850363542176070021929242348650226" name="VM 6"><host_values><impact>2</impact><risk>2.1</risk><probability>0.21</probability><variant>3</variant><asset_value>20</asset_value><cost>7.9</cost><defense_cost>10</defense_cost><exploitability>0.38</exploitability></host_values><vulnerabilities><or><vulnerability id="22741735949375045037112280761017390866" name="CVE-2014-5270"><vulner_values><impact>2</impact><cost>7.9</cost><risk>2.1</risk><probability>0.21</probability><defense_cost>10</defense_cost><exploitability>0.38</exploitability></vulner_values></vulnerability></or></vulnerabilities></node><node id="15325745450747715474345140520149319393" name="VM 5"><host_values><impact>2</impact><risk>2.1</risk><probability>0.21</probability><variant>1</variant><asset_value>20</asset_value><cost>7.9</cost><defense_cost>10</defense_cost><exploitability>0.91</exploitability></host_values><vulnerabilities><or><vulnerability id="230336840098155743050543603552805842795" name="CVE-2014-5270"><vulner_values><impact>2</impact><cost>7.9</cost><risk>2.1</risk><probability>0.21</probability><defense_cost>10</defense_cost><exploitability>0.91</exploitability></vulner_values></vulnerability></or></vulnerabilities></node><node id="99939198319207139178345105518456679439" name="VM 19"><host_values><impact>2</impact><risk>2.1</risk><probability>0.21</probability><variant>3</variant><asset_value>20</asset_value><cost>7.9</cost><defense_cost>10</defense_cost><exploitability>0.9</exploitability></host_values><vulnerabilities><or><vulnerability id="304393186224037629098926915113185449627" name="CVE-2014-5270"><vulner_values><impact>2</impact><cost>7.9</cost><risk>2.1</risk><probability>0.21</probability><defense_cost>10</defense_cost><exploitability>0.9</exploitability></vulner_values></vulnerability></or></vulnerabilities></node><node id="329689866411654590542868762457141312001" name="VM 18"><host_values><impact>2</impact><risk>2.1</risk><probability>0.21</probability><variant>1</variant><asset_value>20</asset_value><cost>7.9</cost><defense_cost>10</defense_cost><exploitability>0.6</exploitability></host_values><vulnerabilities><or><vulnerability id="32039885880538913579412565375120636616" name="CVE-2014-5270"><vulner_values><impact>2</impact><cost>7.9</cost><risk>2.1</risk><probability>0.21</probability><defense_cost>10</defense_cost><exploitability>0.6</exploitability></vulner_values></vulnerability></or></vulnerabilities></node><node id="187219903738530211587804581355447827989" name="VM 15"><host_values><impact>2</impact><risk>2.1</risk><probability>0.21</probability><variant>2</variant><asset_value>20</asset_value><cost>7.9</cost><defense_cost>10</defense_cost><exploitability>0.91</exploitability></host_values><vulnerabilities><or><vulnerability id="248465439607731064723085207610151106887" name="CVE-2014-5270"><vulner_values><impact>2</impact><cost>7.9</cost><risk>2.1</risk><probability>0.21</probability><defense_cost>10</defense_cost><exploitability>0.91</exploitability></vulner_values></vulnerability></or></vulnerabilities></node><node id="247363506893618312585630741450801838125" name="VM 8"><host_values><impact>2</impact><risk>2.1</risk><probability>0.21</probability><variant>2</variant><asset_value>20</asset_value><cost>7.9</cost><defense_cost>10</defense_cost><exploitability>0.74</exploitability></host_values><vulnerabilities><or><vulnerability id="24451324268511802153542731935559794169" name="CVE-2014-5270"><vulner_values><impact>2</impact><cost>7.9</cost><risk>2.1</risk><probability>0.21</probability><defense_cost>10</defense_cost><exploitability>0.74</exploitability></vulner_values></vulnerability></or></vulnerabilities></node><node id="120732739607443495623129075113776571640" name="VM 9"><host_values><impact>2</impact><risk>2.1</risk><probability>0.21</probability><variant>2</variant><asset_value>20</asset_value><cost>7.9</cost><defense_cost>10</defense_cost><exploitability>0.2</exploitability></host_values><vulnerabilities><or><vulnerability id="49010517811318233739914620093242942154" name="CVE-2014-5270"><vulner_values><impact>2</impact><cost>7.9</cost><risk>2.1</risk><probability>0.21</probability><defense_cost>10</defense_cost><exploitability>0.2</exploitability></vulner_values></vulnerability></or></vulnerabilities></node><node id="92715590319869589499256774108429602729" name="VM 1"><host_values><impact>2</impact><risk>2.1</risk><probability>0.21</probability><variant>2</variant><asset_value>20</asset_value><cost>7.9</cost><defense_cost>10</defense_cost><exploitability>0.66</exploitability></host_values><vulnerabilities><or><vulnerability id="65170636912717055397326755169807813203" name="CVE-2014-5270"><vulner_values><impact>2</impact><cost>7.9</cost><risk>2.1</risk><probability>0.21</probability><defense_cost>10</defense_cost><exploitability>0.66</exploitability></vulner_values></vulnerability></or></vulnerabilities></node><node id="103067037843543350178671875024786272365" name="VM 12"><host_values><impact>2</impact><risk>2.1</risk><probability>0.21</probability><variant>2</variant><asset_value>20</asset_value><cost>7.9</cost><defense_cost>10</defense_cost><exploitability>0.33</exploitability></host_values><vulnerabilities><or><vulnerability id="246668999179936641706449135728606406308" name="CVE-2014-5270"><vulner_values><impact>2</impact><cost>7.9</cost><risk>2.1</risk><probability>0.21</probability><defense_cost>10</defense_cost><exploitability>0.33</exploitability></vulner_values></vulnerability></or></vulnerabilities></node><node id="258607468747108634099275054458784438478" name="VM 13"><host_values><impact>2</impact><risk>2.1</risk><probability>0.21</probability><variant>3</variant><asset_value>20</asset_value><cost>7.9</cost><defense_cost>10</defense_cost><exploitability>0.69</exploitability></host_values><vulnerabilities><or><vulnerability id="279054121646135295389805067888367561155" name="CVE-2014-5270"><vulner_values><impact>2</impact><cost>7.9</cost><risk>2.1</risk><probability>0.21</probability><defense_cost>10</defense_cost><exploitability>0.69</exploitability></vulner_values></vulnerability></or></vulnerabilities></node><node id="42071671553146256587951734983275245927" name="VM 4"><host_values><impact>2</impact><risk>2.1</risk><probability>0.21</probability><variant>3</variant><asset_value>20</asset_value><cost>7.9</cost><defense_cost>10</defense_cost><exploitability>0.15</exploitability></host_values><vulnerabilities><or><vulnerability id="215917574550051080851112786558752995243" name="CVE-2014-5270"><vulner_values><impact>2</impact><cost>7.9</cost><risk>2.1</risk><probability>0.21</probability><defense_cost>10</defense_cost><exploitability>0.15</exploitability></vulner_values></vulnerability></or></vulnerabilities></node><node id="222486083349586902044991236000013444192" name="VM 14"><host_values><impact>2</impact><risk>2.1</risk><probability>0.21</probability><variant>1</variant><asset_value>20</asset_value><cost>7.9</cost><defense_cost>10</defense_cost><exploitability>0.27</exploitability></host_values><vulnerabilities><or><vulnerability id="296454589493694175106203642543708892885" name="CVE-2014-5270"><vulner_values><impact>2</impact><cost>7.9</cost><risk>2.1</risk><probability>0.21</probability><defense_cost>10</defense_cost><exploitability>0.27</exploitability></vulner_values></vulnerability></or></vulnerabilities></node><node id="20586223044449866151015177120369102511" name="Attacker"/><node id="200950067743488579957329843617361350726" name="VM 16"><host_values><impact>2</impact><risk>2.1</risk><probability>0.21</probability><variant>1</variant><asset_value>20</asset_value><cost>7.9</cost><defense_cost>10</defense_cost><exploitability>0.07</exploitability></host_values><vulnerabilities><or><vulnerability id="194238008396216230327987128907665785121" name="CVE-2014-5270"><vulner_values><impact>2</impact><cost>7.9</cost><risk>2.1</risk><probability>0.21</probability><defense_cost>10</defense_cost><exploitability>0.07</exploitability></vulner_values></vulnerability></or></vulnerabilities></node><node id="124036736399321642801235230809402123164" name="VM 3"><host_values><impact>2</impact><risk>2.1</risk><probability>0.21</probability><variant>2</variant><asset_value>20</asset_value><cost>7.9</cost><defense_cost>10</defense_cost><exploitability>0.13</exploitability></host_values><vulnerabilities><or><vulnerability id="109107647428623187893014965379121276507" name="CVE-2014-5270"><vulner_values><impact>2</impact><cost>7.9</cost><risk>2.1</risk><probability>0.21</probability><defense_cost>10</defense_cost><exploitability>0.13</exploitability></vulner_values></vulnerability></or></vulnerabilities></node><node id="163046604839705794236359506237771994910" name="VM 11"><host_values><impact>2</impact><risk>2.1</risk><probability>0.21</probability><variant>3</variant><asset_value>20</asset_value><cost>7.9</cost><defense_cost>10</defense_cost><exploitability>0.84</exploitability></host_values><vulnerabilities><or><vulnerability id="170987736699341729027769876661955705544" name="CVE-2014-5270"><vulner_values><impact>2</impact><cost>7.9</cost><risk>2.1</risk><probability>0.21</probability><defense_cost>10</defense_cost><exploitability>0.84</exploitability></vulner_values></vulnerability></or></vulnerabilities></node><node id="334872844715737030983859439606714647893" name="VM 0"><host_values><impact>2</impact><risk>2.1</risk><probability>0.21</probability><variant>3</variant><asset_value>20</asset_value><cost>7.9</cost><defense_cost>10</defense_cost><exploitability>0.39</exploitability></host_values><vulnerabilities><or><vulnerability id="72792763078625999371313855850485340152" name="CVE-2014-5270"><vulner_values><impact>2</impact><cost>7.9</cost><risk>2.1</risk><probability>0.21</probability><defense_cost>10</defense_cost><exploitability>0.39</exploitability></vulner_values></vulnerability></or></vulnerabilities></node><node id="74847836273539679134171861151466791640" name="VM 2"><host_values><impact>2</impact><risk>2.1</risk><probability>0.21</probability><variant>1</variant><asset_value>20</asset_value><cost>7.9</cost><defense_cost>10</defense_cost><exploitability>0.37</exploitability></host_values><vulnerabilities><or><vulnerability id="141675441989398129960202691998924261237" name="CVE-2014-5270"><vulner_values><impact>2</impact><cost>7.9</cost><risk>2.1</risk><probability>0.21</probability><defense_cost>10</defense_cost><exploitability>0.37</exploitability></vulner_values></vulnerability></or></vulnerabilities></node></nodes><edges><edge><source>1</source><target>14</target></edge><edge><source>1</source><target>11</target></edge><edge><source>1</source><target>19</target></edge><edge><source>1</source><target>18</target></edge><edge><source>2</source><target>14</target></edge><edge><source>2</source><target>18</target></edge><edge><source>3</source><target>11</target></edge><edge><source>4</source><target>0</target></edge><edge><source>4</source><target>14</target></edge><edge><source>4</source><target>13</target></edge><edge><source>4</source><target>7</target></edge><edge><source>4</source><target>18</target></edge><edge><source>5</source><target>4</target></edge><edge><source>5</source><target>20</target></edge><edge><source>5</source><target>0</target></edge><edge><source>5</source><target>8</target></edge><edge><source>5</source><target>9</target></edge><edge><source>5</source><target>17</target></edge><edge><source>6</source><target>8</target></edge><edge><source>7</source><target>0</target></edge><edge><source>7</source><target>8</target></edge><edge><source>7</source><target>3</target></edge><edge><source>7</source><target>5</target></edge><edge><source>8</source><target>4</target></edge><edge><source>8</source><target>12</target></edge><edge><source>8</source><target>2</target></edge><edge><source>8</source><target>13</target></edge><edge><source>8</source><target>14</target></edge><edge><source>9</source><target>19</target></edge><edge><source>9</source><target>7</target></edge><edge><source>9</source><target>3</target></edge><edge><source>10</source><target>0</target></edge><edge><source>10</source><target>3</target></edge><edge><source>10</source><target>14</target></edge><edge><source>11</source><target>5</target></edge><edge><source>11</source><target>7</target></edge><edge><source>11</source><target>6</target></edge><edge><source>12</source><target>9</target></edge><edge><source>13</source><target>1</target></edge><edge><source>13</source><target>2</target></edge><edge><source>13</source><target>6</target></edge><edge><source>14</source><target>16</target></edge><edge><source>14</source><target>7</target></edge><edge><source>14</source><target>9</target></edge><edge><source>15</source><target>1</target></edge><edge><source>15</source><target>7</target></edge><edge><source>16</source><target>14</target></edge><edge><source>16</source><target>8</target></edge><edge><source>16</source><target>2</target></edge><edge><source>16</source><target>9</target></edge><edge><source>17</source><target>11</target></edge><edge><source>17</source><target>2</target></edge><edge><source>18</source><target>14</target></edge><edge><source>18</source><target>20</target></edge><edge><source>18</source><target>3</target></edge><edge><source>19</source><target>13</target></edge><edge><source>19</source><target>9</target></edge><edge><source>20</source><target>4</target></edge><edge><source>20</source><target>6</target></edge><edge><source>20</source><target>11</target></edge><edge><source>20</source><target>14</target></edge></edges></harm>