<harm><nodes><node id="297186653069876163112928283512194065261" name="h1"><host_values><impact>10</impact><risk>8.8</risk><probability>0.9052</probability><asset_value>50</asset_value><cost>1.2</cost><defense_cost>10</defense_cost><exposure_factor>0.06</exposure_factor><exploitability>1.0</exploitability></host_values><vulnerabilities><or><vulnerability id="14401652933288041758668095286025419478" name="CVE-2014-5270"><vulner_values><impact>2</impact><cost>7.9</cost><risk>2.1</risk><probability>0.21</probability><defense_cost>10</defense_cost><exploitability>0.2</exploitability></vulner_values></vulnerability><vulnerability id="219956331349977688656832470655089428782" name="CVE-2016-2834"><vulner_values><impact>10</impact><cost>1.2</cost><risk>8.8</risk><probability>0.88</probability><defense_cost>10</defense_cost><exploitability>1.0</exploitability></vulner_values></vulnerability></or></vulnerabilities></node><node id="53967172420201673779367249305172487784" name="Attacker"/><node id="333262660400032174920744234208549886901" name="WS1"><host_values><impact>5.5</impact><cost>5.7</cost><risk>4.3</risk><probability>0.554203</probability><defense_cost>0</defense_cost><exploitability>0.55</exploitability></host_values><vulnerabilities><or><vulnerability id="184029176489353068739563774655772539656" name="CVE-2015-3185"><vulner_values><impact>5.5</impact><cost>5.7</cost><risk>4.3</risk><probability>0.43</probability><defense_cost>15</defense_cost><exploitability>0.55</exploitability></vulner_values></vulnerability><vulnerability id="64854931017037338546936971184858898473" name="CVE-2015-5700"><vulner_values><impact>2.9</impact><cost>7.9</cost><risk>2.1</risk><probability>0.21</probability><defense_cost>15</defense_cost><exploitability>0.29</exploitability></vulner_values></vulnerability><vulnerability id="274401947684415020092404563588470577177" name="CVE"><vulner_values><impact>0.1</impact><cost>9.9</cost><risk>0.1</risk><probability>0.01</probability><defense_cost>0</defense_cost><exploitability>0.01</exploitability></vulner_values></vulnerability></or></vulnerabilities></node><node id="159479439037938583344359465425250524982" name="WS2"><host_values><impact>5.5</impact><cost>5.7</cost><risk>4.3</risk><probability>0.5497</probability><defense_cost>15</defense_cost><exploitability>0.55</exploitability></host_values><vulnerabilities><or><vulnerability id="202365470410063936449391329667755814357" name="CVE-2015-3185"><vulner_values><impact>5.5</impact><cost>5.7</cost><risk>4.3</risk><probability>0.43</probability><defense_cost>15</defense_cost><exploitability>0.55</exploitability></vulner_values></vulnerability><vulnerability id="27451605110249815043452499437560093501" name="CVE-2015-5700"><vulner_values><impact>2.9</impact><cost>7.9</cost><risk>2.1</risk><probability>0.21</probability><defense_cost>15</defense_cost><exploitability>0.29</exploitability></vulner_values></vulnerability></or></vulnerabilities></node><node id="213301257044518091058746029233403021273" name="AS1"><host_values><impact>6.4</impact><cost>0.1</cost><risk>10.0</risk><probability>1.0</probability><defense_cost>0</defense_cost><exploitability>0.64</exploitability></host_values><vulnerabilities><or><vulnerability id="16976973807631404774296531574589247186" name="CVE-2015-0900"><vulner_values><impact>5.5</impact><cost>5.7</cost><risk>4.3</risk><probability>0.43</probability><defense_cost>18</defense_cost><exploitability>0.55</exploitability></vulner_values></vulnerability><vulnerability id="233877349275144345646781933603094234742" name="CVE-2013-0638"><vulner_values><impact>6.4</impact><cost>0.1</cost><risk>10.0</risk><probability>1.0</probability><defense_cost>18</defense_cost><exploitability>0.64</exploitability></vulner_values></vulnerability><vulnerability id="108734802886429296360953015720224819520" name="CVE"><vulner_values><impact>0.1</impact><cost>9.9</cost><risk>0.1</risk><probability>0.01</probability><defense_cost>0</defense_cost><exploitability>0.01</exploitability></vulner_values></vulnerability></or></vulnerabilities></node><node id="193975418398548642577583719969849079855" name="AS2"><host_values><impact>6.4</impact><cost>5.7</cost><risk>4.3</risk><probability>0.6751</probability><defense_cost>18</defense_cost><exploitability>0.64</exploitability></host_values><vulnerabilities><or><vulnerability id="143037453538076438323651311561618624534" name="CVE-2016-0763"><vulner_values><impact>6.4</impact><cost>5.7</cost><risk>4.3</risk><probability>0.43</probability><defense_cost>18</defense_cost><exploitability>0.64</exploitability></vulner_values></vulnerability><vulnerability id="143709141339352531222498608993687604311" name="CVE-2015-0900"><vulner_values><impact>5.5</impact><cost>5.7</cost><risk>4.3</risk><probability>0.43</probability><defense_cost>18</defense_cost><exploitability>0.55</exploitability></vulner_values></vulnerability></or></vulnerabilities></node><node id="70373555829360720411541593340946539976" name="DB3"><host_values><impact>6.4</impact><cost>2.5</cost><risk>7.5</risk><probability>0.8575</probability><defense_cost>20</defense_cost><exploitability>0.64</exploitability></host_values><vulnerabilities><or><vulnerability id="163666321231492121634852980532061942406" name="CVE-2012-1675"><vulner_values><impact>6.4</impact><cost>2.5</cost><risk>7.5</risk><probability>0.75</probability><defense_cost>20</defense_cost><exploitability>0.64</exploitability></vulner_values></vulnerability><vulnerability id="290186859477180190212322927560939491114" name="CVE-2015-0900"><vulner_values><impact>5.5</impact><cost>5.7</cost><risk>4.3</risk><probability>0.43</probability><defense_cost>20</defense_cost><exploitability>0.55</exploitability></vulner_values></vulnerability></or></vulnerabilities></node></nodes><edges><edge><source>0</source><target>4</target></edge><edge><source>0</source><target>5</target></edge><edge><source>1</source><target>2</target></edge><edge><source>1</source><target>3</target></edge><edge><source>2</source><target>4</target></edge><edge><source>2</source><target>5</target></edge><edge><source>2</source><target>0</target></edge><edge><source>3</source><target>4</target></edge><edge><source>3</source><target>5</target></edge><edge><source>3</source><target>0</target></edge><edge><source>4</source><target>6</target></edge><edge><source>5</source><target>6</target></edge></edges></harm>