<harm><nodes><node id="23228458001680379198863869079297177039" name="s1"><host_values><impact>10</impact><risk>9.3</risk><probability>0.9447</probability><asset_value>50</asset_value><rate_occurance>1.0</rate_occurance><cost>0.7</cost><defense_cost>10</defense_cost><exposure_factor>0.06</exposure_factor></host_values><vulnerabilities><or><vulnerability id="301679071666246227878324034105635965756" name="CVE-2016-7258"><vulner_values><impact>2</impact><rate_occurance>0.2</rate_occurance><cost>7.9</cost><risk>2.1</risk><probability>0.21</probability><defense_cost>10</defense_cost></vulner_values></vulnerability><vulnerability id="169264739631374745097749717338253721215" name="CVE-2016-1647"><vulner_values><impact>10</impact><rate_occurance>1.0</rate_occurance><cost>0.7</cost><risk>9.3</risk><probability>0.93</probability><defense_cost>10</defense_cost></vulner_values></vulnerability></or></vulnerabilities></node><node id="38057620168275148294824284122594626698" name="s8"><host_values><impact>10</impact><risk>9.3</risk><probability>0.9447</probability><asset_value>50</asset_value><rate_occurance>1.0</rate_occurance><cost>0.7</cost><defense_cost>10</defense_cost><exposure_factor>0.06</exposure_factor></host_values><vulnerabilities><or><vulnerability id="230078239389926212615816630711053641850" name="CVE-2016-7258"><vulner_values><impact>2</impact><rate_occurance>0.2</rate_occurance><cost>7.9</cost><risk>2.1</risk><probability>0.21</probability><defense_cost>10</defense_cost></vulner_values></vulnerability><vulnerability id="112834565813956301500090453267787889712" name="CVE-2016-1647"><vulner_values><impact>10</impact><rate_occurance>1.0</rate_occurance><cost>0.7</cost><risk>9.3</risk><probability>0.93</probability><defense_cost>10</defense_cost></vulner_values></vulnerability></or></vulnerabilities></node><node id="276612342292844984327558737266014257864" name="s11"><host_values><impact>10</impact><risk>9.3</risk><probability>0.9447</probability><asset_value>50</asset_value><rate_occurance>1.0</rate_occurance><cost>0.7</cost><defense_cost>10</defense_cost><exposure_factor>0.06</exposure_factor></host_values><vulnerabilities><or><vulnerability id="237498916560609392222432576636692093589" name="CVE-2016-7258"><vulner_values><impact>2</impact><rate_occurance>0.2</rate_occurance><cost>7.9</cost><risk>2.1</risk><probability>0.21</probability><defense_cost>10</defense_cost></vulner_values></vulnerability><vulnerability id="83885043263131457848160085817877113349" name="CVE-2016-1647"><vulner_values><impact>10</impact><rate_occurance>1.0</rate_occurance><cost>0.7</cost><risk>9.3</risk><probability>0.93</probability><defense_cost>10</defense_cost></vulner_values></vulnerability></or></vulnerabilities></node><node id="257404443600308324868658929336933099897" name="s2"><host_values><impact>10</impact><risk>9.3</risk><probability>0.9447</probability><asset_value>50</asset_value><rate_occurance>1.0</rate_occurance><cost>0.7</cost><defense_cost>10</defense_cost><exposure_factor>0.06</exposure_factor></host_values><vulnerabilities><or><vulnerability id="201933726858768979525459652777575981068" name="CVE-2016-7258"><vulner_values><impact>2</impact><rate_occurance>0.2</rate_occurance><cost>7.9</cost><risk>2.1</risk><probability>0.21</probability><defense_cost>10</defense_cost></vulner_values></vulnerability><vulnerability id="283152418617546302070389835732100647073" name="CVE-2016-1647"><vulner_values><impact>10</impact><rate_occurance>1.0</rate_occurance><cost>0.7</cost><risk>9.3</risk><probability>0.93</probability><defense_cost>10</defense_cost></vulner_values></vulnerability></or></vulnerabilities></node><node id="37145789289843301317429148767203391978" name="s3"><host_values><impact>10</impact><risk>9.3</risk><probability>0.9447</probability><asset_value>50</asset_value><rate_occurance>1.0</rate_occurance><cost>0.7</cost><defense_cost>10</defense_cost><exposure_factor>0.06</exposure_factor></host_values><vulnerabilities><or><vulnerability id="58380369422344840678529204504390328057" name="CVE-2016-7258"><vulner_values><impact>2</impact><rate_occurance>0.2</rate_occurance><cost>7.9</cost><risk>2.1</risk><probability>0.21</probability><defense_cost>10</defense_cost></vulner_values></vulnerability><vulnerability id="277562452128460408996000675602431897241" name="CVE-2016-1647"><vulner_values><impact>10</impact><rate_occurance>1.0</rate_occurance><cost>0.7</cost><risk>9.3</risk><probability>0.93</probability><defense_cost>10</defense_cost></vulner_values></vulnerability></or></vulnerabilities></node><node id="33438829803406559707809755742646037384" name="s4"><host_values><impact>10</impact><risk>9.3</risk><probability>0.9447</probability><asset_value>50</asset_value><rate_occurance>1.0</rate_occurance><cost>0.7</cost><defense_cost>10</defense_cost><exposure_factor>0.06</exposure_factor></host_values><vulnerabilities><or><vulnerability id="72932980737145596532565679501938836424" name="CVE-2016-7258"><vulner_values><impact>2</impact><rate_occurance>0.2</rate_occurance><cost>7.9</cost><risk>2.1</risk><probability>0.21</probability><defense_cost>10</defense_cost></vulner_values></vulnerability><vulnerability id="261440258929497984823951612877724304416" name="CVE-2016-1647"><vulner_values><impact>10</impact><rate_occurance>1.0</rate_occurance><cost>0.7</cost><risk>9.3</risk><probability>0.93</probability><defense_cost>10</defense_cost></vulner_values></vulnerability></or></vulnerabilities></node><node id="296098211130996382735356286124860355919" name="s5"><host_values><impact>10</impact><risk>9.3</risk><probability>0.9447</probability><asset_value>50</asset_value><rate_occurance>1.0</rate_occurance><cost>0.7</cost><defense_cost>10</defense_cost><exposure_factor>0.06</exposure_factor></host_values><vulnerabilities><or><vulnerability id="210101694330528172585338261832805228159" name="CVE-2016-7258"><vulner_values><impact>2</impact><rate_occurance>0.2</rate_occurance><cost>7.9</cost><risk>2.1</risk><probability>0.21</probability><defense_cost>10</defense_cost></vulner_values></vulnerability><vulnerability id="138525481631972592191427131572184148617" name="CVE-2016-1647"><vulner_values><impact>10</impact><rate_occurance>1.0</rate_occurance><cost>0.7</cost><risk>9.3</risk><probability>0.93</probability><defense_cost>10</defense_cost></vulner_values></vulnerability></or></vulnerabilities></node><node id="11314026338475522682006653475742609767" name="s6"><host_values><impact>10</impact><risk>9.3</risk><probability>0.9447</probability><asset_value>50</asset_value><rate_occurance>1.0</rate_occurance><cost>0.7</cost><defense_cost>10</defense_cost><exposure_factor>0.06</exposure_factor></host_values><vulnerabilities><or><vulnerability id="282955283972094826458278701646036021520" name="CVE-2016-7258"><vulner_values><impact>2</impact><rate_occurance>0.2</rate_occurance><cost>7.9</cost><risk>2.1</risk><probability>0.21</probability><defense_cost>10</defense_cost></vulner_values></vulnerability><vulnerability id="185211012083191145091047657195183723780" name="CVE-2016-1647"><vulner_values><impact>10</impact><rate_occurance>1.0</rate_occurance><cost>0.7</cost><risk>9.3</risk><probability>0.93</probability><defense_cost>10</defense_cost></vulner_values></vulnerability></or></vulnerabilities></node><node id="221240031045469415752220438443335801420" name="s7"><host_values><impact>10</impact><risk>9.3</risk><probability>0.9447</probability><asset_value>50</asset_value><rate_occurance>1.0</rate_occurance><cost>0.7</cost><defense_cost>10</defense_cost><exposure_factor>0.06</exposure_factor></host_values><vulnerabilities><or><vulnerability id="9947562488786950073423001606735539495" name="CVE-2016-7258"><vulner_values><impact>2</impact><rate_occurance>0.2</rate_occurance><cost>7.9</cost><risk>2.1</risk><probability>0.21</probability><defense_cost>10</defense_cost></vulner_values></vulnerability><vulnerability id="197389077734109982477144088748358928436" name="CVE-2016-1647"><vulner_values><impact>10</impact><rate_occurance>1.0</rate_occurance><cost>0.7</cost><risk>9.3</risk><probability>0.93</probability><defense_cost>10</defense_cost></vulner_values></vulnerability></or></vulnerabilities></node><node id="2605579011067690915834437894851642911" name="h1"><host_values><impact>10</impact><risk>8.8</risk><probability>0.9052</probability><asset_value>50</asset_value><rate_occurance>1.0</rate_occurance><cost>1.2</cost><defense_cost>10</defense_cost><exposure_factor>0.06</exposure_factor></host_values><vulnerabilities><or><vulnerability id="332654238905026828107788982141540462637" name="CVE-2014-5270"><vulner_values><impact>2</impact><rate_occurance>0.2</rate_occurance><cost>7.9</cost><risk>2.1</risk><probability>0.21</probability><defense_cost>10</defense_cost></vulner_values></vulnerability><vulnerability id="15783111388661041136752573043213663813" name="CVE-2016-2834"><vulner_values><impact>10</impact><rate_occurance>1.0</rate_occurance><cost>1.2</cost><risk>8.8</risk><probability>0.88</probability><defense_cost>10</defense_cost></vulner_values></vulnerability></or></vulnerabilities></node><node id="63865754797850321219335552365352969125" name="h2"><host_values><impact>10</impact><risk>8.8</risk><probability>0.9052</probability><asset_value>50</asset_value><rate_occurance>1.0</rate_occurance><cost>1.2</cost><defense_cost>10</defense_cost><exposure_factor>0.06</exposure_factor></host_values><vulnerabilities><or><vulnerability id="57473368321974046916938932551964655465" name="CVE-2014-5270"><vulner_values><impact>2</impact><rate_occurance>0.2</rate_occurance><cost>7.9</cost><risk>2.1</risk><probability>0.21</probability><defense_cost>10</defense_cost></vulner_values></vulnerability><vulnerability id="256503720072421900811614490357723894068" name="CVE-2016-2834"><vulner_values><impact>10</impact><rate_occurance>1.0</rate_occurance><cost>1.2</cost><risk>8.8</risk><probability>0.88</probability><defense_cost>10</defense_cost></vulner_values></vulnerability></or></vulnerabilities></node><node id="78356795921724035649232452773239146642" name="h3"><host_values><impact>10</impact><risk>8.8</risk><probability>0.9052</probability><asset_value>50</asset_value><rate_occurance>1.0</rate_occurance><cost>1.2</cost><defense_cost>10</defense_cost><exposure_factor>0.06</exposure_factor></host_values><vulnerabilities><or><vulnerability id="280090558249279260085407798912027406258" name="CVE-2014-5270"><vulner_values><impact>2</impact><rate_occurance>0.2</rate_occurance><cost>7.9</cost><risk>2.1</risk><probability>0.21</probability><defense_cost>10</defense_cost></vulner_values></vulnerability><vulnerability id="336872965942290749157525576361172590433" name="CVE-2016-2834"><vulner_values><impact>10</impact><rate_occurance>1.0</rate_occurance><cost>1.2</cost><risk>8.8</risk><probability>0.88</probability><defense_cost>10</defense_cost></vulner_values></vulnerability></or></vulnerabilities></node><node id="116597432354818902788112178964938748826" name="h4"><host_values><impact>10</impact><risk>8.8</risk><probability>0.9052</probability><asset_value>50</asset_value><rate_occurance>1.0</rate_occurance><cost>1.2</cost><defense_cost>10</defense_cost><exposure_factor>0.06</exposure_factor></host_values><vulnerabilities><or><vulnerability id="275810028032327387646453245898703736694" name="CVE-2014-5270"><vulner_values><impact>2</impact><rate_occurance>0.2</rate_occurance><cost>7.9</cost><risk>2.1</risk><probability>0.21</probability><defense_cost>10</defense_cost></vulner_values></vulnerability><vulnerability id="296099811864684861436398706644642309428" name="CVE-2016-2834"><vulner_values><impact>10</impact><rate_occurance>1.0</rate_occurance><cost>1.2</cost><risk>8.8</risk><probability>0.88</probability><defense_cost>10</defense_cost></vulner_values></vulnerability></or></vulnerabilities></node><node id="129602827923578502366371405531487951270" name="h5"><host_values><impact>10</impact><risk>8.8</risk><probability>0.9052</probability><asset_value>50</asset_value><rate_occurance>1.0</rate_occurance><cost>1.2</cost><defense_cost>10</defense_cost><exposure_factor>0.06</exposure_factor></host_values><vulnerabilities><or><vulnerability id="272496597922101863993938040619475292279" name="CVE-2014-5270"><vulner_values><impact>2</impact><rate_occurance>0.2</rate_occurance><cost>7.9</cost><risk>2.1</risk><probability>0.21</probability><defense_cost>10</defense_cost></vulner_values></vulnerability><vulnerability id="143765056381920197946663244927831036683" name="CVE-2016-2834"><vulner_values><impact>10</impact><rate_occurance>1.0</rate_occurance><cost>1.2</cost><risk>8.8</risk><probability>0.88</probability><defense_cost>10</defense_cost></vulner_values></vulnerability></or></vulnerabilities></node><node id="266494388023709528161090028659706441098" name="h6"><host_values><impact>10</impact><risk>8.8</risk><probability>0.9052</probability><asset_value>50</asset_value><rate_occurance>1.0</rate_occurance><cost>1.2</cost><defense_cost>10</defense_cost><exposure_factor>0.06</exposure_factor></host_values><vulnerabilities><or><vulnerability id="280214867772330842458632326406644059807" name="CVE-2014-5270"><vulner_values><impact>2</impact><rate_occurance>0.2</rate_occurance><cost>7.9</cost><risk>2.1</risk><probability>0.21</probability><defense_cost>10</defense_cost></vulner_values></vulnerability><vulnerability id="54610176378330500780297723474202053594" name="CVE-2016-2834"><vulner_values><impact>10</impact><rate_occurance>1.0</rate_occurance><cost>1.2</cost><risk>8.8</risk><probability>0.88</probability><defense_cost>10</defense_cost></vulner_values></vulnerability></or></vulnerabilities></node><node id="65371145975373994402610606780324503127" name="h7"><host_values><impact>10</impact><risk>8.8</risk><probability>0.9052</probability><asset_value>50</asset_value><rate_occurance>1.0</rate_occurance><cost>1.2</cost><defense_cost>10</defense_cost><exposure_factor>0.06</exposure_factor></host_values><vulnerabilities><or><vulnerability id="8540270572738325358880088157286993711" name="CVE-2014-5270"><vulner_values><impact>2</impact><rate_occurance>0.2</rate_occurance><cost>7.9</cost><risk>2.1</risk><probability>0.21</probability><defense_cost>10</defense_cost></vulner_values></vulnerability><vulnerability id="290008456782994074339932896692673892696" name="CVE-2016-2834"><vulner_values><impact>10</impact><rate_occurance>1.0</rate_occurance><cost>1.2</cost><risk>8.8</risk><probability>0.88</probability><defense_cost>10</defense_cost></vulner_values></vulnerability></or></vulnerabilities></node><node id="162789868326340789852907441342101833682" name="h8"><host_values><impact>10</impact><risk>8.8</risk><probability>0.9052</probability><asset_value>50</asset_value><rate_occurance>1.0</rate_occurance><cost>1.2</cost><defense_cost>10</defense_cost><exposure_factor>0.06</exposure_factor></host_values><vulnerabilities><or><vulnerability id="32352477110621025139748396840754337639" name="CVE-2014-5270"><vulner_values><impact>2</impact><rate_occurance>0.2</rate_occurance><cost>7.9</cost><risk>2.1</risk><probability>0.21</probability><defense_cost>10</defense_cost></vulner_values></vulnerability><vulnerability id="45151777669301886116903323483820505083" name="CVE-2016-2834"><vulner_values><impact>10</impact><rate_occurance>1.0</rate_occurance><cost>1.2</cost><risk>8.8</risk><probability>0.88</probability><defense_cost>10</defense_cost></vulner_values></vulnerability></or></vulnerabilities></node><node id="170691092498709791459778381305843691542" name="h9"><host_values><impact>10</impact><risk>8.8</risk><probability>0.9052</probability><asset_value>50</asset_value><rate_occurance>1.0</rate_occurance><cost>1.2</cost><defense_cost>10</defense_cost><exposure_factor>0.06</exposure_factor></host_values><vulnerabilities><or><vulnerability id="222171333267189046658526532846335701516" name="CVE-2014-5270"><vulner_values><impact>2</impact><rate_occurance>0.2</rate_occurance><cost>7.9</cost><risk>2.1</risk><probability>0.21</probability><defense_cost>10</defense_cost></vulner_values></vulnerability><vulnerability id="73616768709608174484472654035435630978" name="CVE-2016-2834"><vulner_values><impact>10</impact><rate_occurance>1.0</rate_occurance><cost>1.2</cost><risk>8.8</risk><probability>0.88</probability><defense_cost>10</defense_cost></vulner_values></vulnerability></or></vulnerabilities></node><node id="21606628761325753149377115801475652220" name="h10"><host_values><impact>10</impact><risk>8.8</risk><probability>0.9052</probability><asset_value>50</asset_value><rate_occurance>1.0</rate_occurance><cost>1.2</cost><defense_cost>10</defense_cost><exposure_factor>0.06</exposure_factor></host_values><vulnerabilities><or><vulnerability id="216671803178833176184647450662729108643" name="CVE-2014-5270"><vulner_values><impact>2</impact><rate_occurance>0.2</rate_occurance><cost>7.9</cost><risk>2.1</risk><probability>0.21</probability><defense_cost>10</defense_cost></vulner_values></vulnerability><vulnerability id="194685592284359221724190034379168321495" name="CVE-2016-2834"><vulner_values><impact>10</impact><rate_occurance>1.0</rate_occurance><cost>1.2</cost><risk>8.8</risk><probability>0.88</probability><defense_cost>10</defense_cost></vulner_values></vulnerability></or></vulnerabilities></node><node id="211522532068603954890117977317253744816" name="h11"><host_values><impact>10</impact><risk>8.8</risk><probability>0.9052</probability><asset_value>50</asset_value><rate_occurance>1.0</rate_occurance><cost>1.2</cost><defense_cost>10</defense_cost><exposure_factor>0.06</exposure_factor></host_values><vulnerabilities><or><vulnerability id="63967736535186525885453724804900502419" name="CVE-2014-5270"><vulner_values><impact>2</impact><rate_occurance>0.2</rate_occurance><cost>7.9</cost><risk>2.1</risk><probability>0.21</probability><defense_cost>10</defense_cost></vulner_values></vulnerability><vulnerability id="272375938150456608754937495333113672469" name="CVE-2016-2834"><vulner_values><impact>10</impact><rate_occurance>1.0</rate_occurance><cost>1.2</cost><risk>8.8</risk><probability>0.88</probability><defense_cost>10</defense_cost></vulner_values></vulnerability></or></vulnerabilities></node><node id="304096194276911645355515614751365125785" name="h12"><host_values><impact>10</impact><risk>8.8</risk><probability>0.9052</probability><asset_value>50</asset_value><rate_occurance>1.0</rate_occurance><cost>1.2</cost><defense_cost>10</defense_cost><exposure_factor>0.06</exposure_factor></host_values><vulnerabilities><or><vulnerability id="27621364834195260688769721178838178881" name="CVE-2014-5270"><vulner_values><impact>2</impact><rate_occurance>0.2</rate_occurance><cost>7.9</cost><risk>2.1</risk><probability>0.21</probability><defense_cost>10</defense_cost></vulner_values></vulnerability><vulnerability id="140317818024872436661888310197725639394" name="CVE-2016-2834"><vulner_values><impact>10</impact><rate_occurance>1.0</rate_occurance><cost>1.2</cost><risk>8.8</risk><probability>0.88</probability><defense_cost>10</defense_cost></vulner_values></vulnerability></or></vulnerabilities></node><node id="133624466915521994444657065831648470688" name="h13"><host_values><impact>10</impact><risk>8.8</risk><probability>0.9052</probability><asset_value>50</asset_value><rate_occurance>1.0</rate_occurance><cost>1.2</cost><defense_cost>10</defense_cost><exposure_factor>0.06</exposure_factor></host_values><vulnerabilities><or><vulnerability id="251538938230183345781542878786432440607" name="CVE-2014-5270"><vulner_values><impact>2</impact><rate_occurance>0.2</rate_occurance><cost>7.9</cost><risk>2.1</risk><probability>0.21</probability><defense_cost>10</defense_cost></vulner_values></vulnerability><vulnerability id="199664378155981641629297466224242992107" name="CVE-2016-2834"><vulner_values><impact>10</impact><rate_occurance>1.0</rate_occurance><cost>1.2</cost><risk>8.8</risk><probability>0.88</probability><defense_cost>10</defense_cost></vulner_values></vulnerability></or></vulnerabilities></node><node id="83995070542855876874038007382314169927" name="h14"><host_values><impact>10</impact><risk>8.8</risk><probability>0.9052</probability><asset_value>50</asset_value><rate_occurance>1.0</rate_occurance><cost>1.2</cost><defense_cost>10</defense_cost><exposure_factor>0.06</exposure_factor></host_values><vulnerabilities><or><vulnerability id="87886408529201232797365857357175242454" name="CVE-2014-5270"><vulner_values><impact>2</impact><rate_occurance>0.2</rate_occurance><cost>7.9</cost><risk>2.1</risk><probability>0.21</probability><defense_cost>10</defense_cost></vulner_values></vulnerability><vulnerability id="97433491982038662487445035796229766154" name="CVE-2016-2834"><vulner_values><impact>10</impact><rate_occurance>1.0</rate_occurance><cost>1.2</cost><risk>8.8</risk><probability>0.88</probability><defense_cost>10</defense_cost></vulner_values></vulnerability></or></vulnerabilities></node><node id="282608619308701713530334666031639853751" name="h15"><host_values><impact>10</impact><risk>8.8</risk><probability>0.9052</probability><asset_value>50</asset_value><rate_occurance>1.0</rate_occurance><cost>1.2</cost><defense_cost>10</defense_cost><exposure_factor>0.06</exposure_factor></host_values><vulnerabilities><or><vulnerability id="81318571900814670205638857468812905625" name="CVE-2014-5270"><vulner_values><impact>2</impact><rate_occurance>0.2</rate_occurance><cost>7.9</cost><risk>2.1</risk><probability>0.21</probability><defense_cost>10</defense_cost></vulner_values></vulnerability><vulnerability id="3775116641691227420730886109413539900" name="CVE-2016-2834"><vulner_values><impact>10</impact><rate_occurance>1.0</rate_occurance><cost>1.2</cost><risk>8.8</risk><probability>0.88</probability><defense_cost>10</defense_cost></vulner_values></vulnerability></or></vulnerabilities></node><node id="206051023488546592799694631119719985507" name="Attacker"/><node id="212449779855467283760843127550102336053" name="WS1"><host_values><impact>5.5</impact><risk>4.3</risk><probability>0.554203</probability><asset_value>112</asset_value><rate_occurance>0.55</rate_occurance><cost>5.3</cost><defense_cost>0</defense_cost><exposure_factor>0.06</exposure_factor></host_values><vulnerabilities><or><vulnerability id="5953628756015565162924924075664490087" name="CVE-2015-3185"><vulner_values><impact>5.5</impact><rate_occurance>0.55</rate_occurance><cost>5.3</cost><risk>4.3</risk><probability>0.43</probability><defense_cost>15</defense_cost></vulner_values></vulnerability><vulnerability id="167751902157856480500348705707640950225" name="CVE-2015-5700"><vulner_values><impact>2.9</impact><rate_occurance>0.29</rate_occurance><cost>7.9</cost><risk>2.1</risk><probability>0.21</probability><defense_cost>15</defense_cost></vulner_values></vulnerability><vulnerability id="215812459135762485694081074654724906768" name="CVE"><vulner_values><impact>0.1</impact><rate_occurance>0.01</rate_occurance><cost>9.9</cost><risk>0.1</risk><probability>0.01</probability><defense_cost>0</defense_cost></vulner_values></vulnerability></or></vulnerabilities></node><node id="324478711461274625851810663140437174212" name="WS2"><host_values><impact>5.5</impact><risk>4.3</risk><probability>0.5497</probability><asset_value>112</asset_value><rate_occurance>0.55</rate_occurance><cost>5.7</cost><defense_cost>15</defense_cost><exposure_factor>0.06</exposure_factor></host_values><vulnerabilities><or><vulnerability id="188467481415206976819812579522614564241" name="CVE-2015-3185"><vulner_values><impact>5.5</impact><rate_occurance>0.55</rate_occurance><cost>5.7</cost><risk>4.3</risk><probability>0.43</probability><defense_cost>15</defense_cost></vulner_values></vulnerability><vulnerability id="15178405914248172747070693410519706206" name="CVE-2015-5700"><vulner_values><impact>2.9</impact><rate_occurance>0.29</rate_occurance><cost>7.9</cost><risk>2.1</risk><probability>0.21</probability><defense_cost>15</defense_cost></vulner_values></vulnerability></or></vulnerabilities></node><node id="90875549335360370580835265239908300373" name="AS1"><host_values><impact>6.4</impact><risk>10.0</risk><probability>1.0</probability><asset_value>112</asset_value><rate_occurance>0.64</rate_occurance><cost>0.1</cost><defense_cost>0</defense_cost><exposure_factor>0.06</exposure_factor></host_values><vulnerabilities><or><vulnerability id="80414065210724569213148394370379414934" name="CVE-2015-0900"><vulner_values><impact>5.5</impact><rate_occurance>0.55</rate_occurance><cost>5.7</cost><risk>4.3</risk><probability>0.43</probability><defense_cost>18</defense_cost></vulner_values></vulnerability><vulnerability id="48247549564753387369559955053681038549" name="CVE-2013-0638"><vulner_values><impact>6.4</impact><rate_occurance>0.64</rate_occurance><cost>0.1</cost><risk>10.0</risk><probability>1.0</probability><defense_cost>18</defense_cost></vulner_values></vulnerability><vulnerability id="245826137420933187374376244949884524726" name="CVE"><vulner_values><impact>0.1</impact><rate_occurance>0.01</rate_occurance><cost>9.9</cost><risk>0.1</risk><probability>0.01</probability><defense_cost>0</defense_cost></vulner_values></vulnerability></or></vulnerabilities></node><node id="114768795532187783548999234607114204321" name="AS2"><host_values><impact>6.4</impact><risk>4.3</risk><probability>0.6751</probability><asset_value>112</asset_value><rate_occurance>0.64</rate_occurance><cost>5.7</cost><defense_cost>18</defense_cost><exposure_factor>0.06</exposure_factor></host_values><vulnerabilities><or><vulnerability id="231166365362089574929622799957985464223" name="CVE-2016-0763"><vulner_values><impact>6.4</impact><rate_occurance>0.64</rate_occurance><cost>5.7</cost><risk>4.3</risk><probability>0.43</probability><defense_cost>18</defense_cost></vulner_values></vulnerability><vulnerability id="237512283985491227467667933766989654150" name="CVE-2015-0900"><vulner_values><impact>5.5</impact><rate_occurance>0.55</rate_occurance><cost>5.7</cost><risk>4.3</risk><probability>0.43</probability><defense_cost>18</defense_cost></vulner_values></vulnerability></or></vulnerabilities></node><node id="80585730106590224473846849053602248976" name="DB3"><host_values><impact>6.4</impact><risk>7.5</risk><probability>0.8575</probability><asset_value>112</asset_value><rate_occurance>0.64</rate_occurance><cost>2.5</cost><defense_cost>20</defense_cost><exposure_factor>0.06</exposure_factor></host_values><vulnerabilities><or><vulnerability id="243837716715053159135769074845912067074" name="CVE-2012-1675"><vulner_values><impact>6.4</impact><rate_occurance>0.64</rate_occurance><cost>2.5</cost><risk>7.5</risk><probability>0.75</probability><defense_cost>20</defense_cost></vulner_values></vulnerability><vulnerability id="191316227776238928807672025446675712" name="CVE-2015-0900"><vulner_values><impact>5.5</impact><rate_occurance>0.55</rate_occurance><cost>5.7</cost><risk>4.3</risk><probability>0.43</probability><defense_cost>20</defense_cost></vulner_values></vulnerability></or></vulnerabilities></node><node id="63612426401595684590007980897312582877" name="s10"><host_values><impact>10</impact><risk>9.3</risk><probability>0.9447</probability><asset_value>50</asset_value><rate_occurance>1.0</rate_occurance><cost>0.7</cost><defense_cost>10</defense_cost><exposure_factor>0.06</exposure_factor></host_values><vulnerabilities><or><vulnerability id="54589742080857271960397414544546858078" name="CVE-2016-7258"><vulner_values><impact>2</impact><rate_occurance>0.2</rate_occurance><cost>7.9</cost><risk>2.1</risk><probability>0.21</probability><defense_cost>10</defense_cost></vulner_values></vulnerability><vulnerability id="249677639467702667800369660394635278853" name="CVE-2016-1647"><vulner_values><impact>10</impact><rate_occurance>1.0</rate_occurance><cost>0.7</cost><risk>9.3</risk><probability>0.93</probability><defense_cost>10</defense_cost></vulner_values></vulnerability></or></vulnerabilities></node><node id="227505997831157081359349257044024385595" name="s14"><host_values><impact>10</impact><risk>9.3</risk><probability>0.9447</probability><asset_value>50</asset_value><rate_occurance>1.0</rate_occurance><cost>0.7</cost><defense_cost>10</defense_cost><exposure_factor>0.06</exposure_factor></host_values><vulnerabilities><or><vulnerability id="335371101209994015152583587409957837851" name="CVE-2016-7258"><vulner_values><impact>2</impact><rate_occurance>0.2</rate_occurance><cost>7.9</cost><risk>2.1</risk><probability>0.21</probability><defense_cost>10</defense_cost></vulner_values></vulnerability><vulnerability id="20929060155075200024086893555240810070" name="CVE-2016-1647"><vulner_values><impact>10</impact><rate_occurance>1.0</rate_occurance><cost>0.7</cost><risk>9.3</risk><probability>0.93</probability><defense_cost>10</defense_cost></vulner_values></vulnerability></or></vulnerabilities></node><node id="265520325855462837284719740278054913997" name="s9"><host_values><impact>10</impact><risk>9.3</risk><probability>0.9447</probability><asset_value>50</asset_value><rate_occurance>1.0</rate_occurance><cost>0.7</cost><defense_cost>10</defense_cost><exposure_factor>0.06</exposure_factor></host_values><vulnerabilities><or><vulnerability id="245835832683031112158660514569347175110" name="CVE-2016-7258"><vulner_values><impact>2</impact><rate_occurance>0.2</rate_occurance><cost>7.9</cost><risk>2.1</risk><probability>0.21</probability><defense_cost>10</defense_cost></vulner_values></vulnerability><vulnerability id="334631857598649334866801355115840479297" name="CVE-2016-1647"><vulner_values><impact>10</impact><rate_occurance>1.0</rate_occurance><cost>0.7</cost><risk>9.3</risk><probability>0.93</probability><defense_cost>10</defense_cost></vulner_values></vulnerability></or></vulnerabilities></node><node id="210894928369650383544800561493321295094" name="s12"><host_values><impact>10</impact><risk>9.3</risk><probability>0.9447</probability><asset_value>50</asset_value><rate_occurance>1.0</rate_occurance><cost>0.7</cost><defense_cost>10</defense_cost><exposure_factor>0.06</exposure_factor></host_values><vulnerabilities><or><vulnerability id="308252341881412710099197240442391435007" name="CVE-2016-7258"><vulner_values><impact>2</impact><rate_occurance>0.2</rate_occurance><cost>7.9</cost><risk>2.1</risk><probability>0.21</probability><defense_cost>10</defense_cost></vulner_values></vulnerability><vulnerability id="39651295422251798543449451338115534288" name="CVE-2016-1647"><vulner_values><impact>10</impact><rate_occurance>1.0</rate_occurance><cost>0.7</cost><risk>9.3</risk><probability>0.93</probability><defense_cost>10</defense_cost></vulner_values></vulnerability></or></vulnerabilities></node><node id="43976943805556461732056127814004930123" name="s15"><host_values><impact>10</impact><risk>9.3</risk><probability>0.9447</probability><asset_value>50</asset_value><rate_occurance>1.0</rate_occurance><cost>0.7</cost><defense_cost>10</defense_cost><exposure_factor>0.06</exposure_factor></host_values><vulnerabilities><or><vulnerability id="111284298846563157083178812275232126871" name="CVE-2016-7258"><vulner_values><impact>2</impact><rate_occurance>0.2</rate_occurance><cost>7.9</cost><risk>2.1</risk><probability>0.21</probability><defense_cost>10</defense_cost></vulner_values></vulnerability><vulnerability id="53781493907368833452823373589515713481" name="CVE-2016-1647"><vulner_values><impact>10</impact><rate_occurance>1.0</rate_occurance><cost>0.7</cost><risk>9.3</risk><probability>0.93</probability><defense_cost>10</defense_cost></vulner_values></vulnerability></or></vulnerabilities></node><node id="246346328161961267577531756699294963572" name="s13"><host_values><impact>10</impact><risk>9.3</risk><probability>0.9447</probability><asset_value>50</asset_value><rate_occurance>1.0</rate_occurance><cost>0.7</cost><defense_cost>10</defense_cost><exposure_factor>0.06</exposure_factor></host_values><vulnerabilities><or><vulnerability id="63484004345586483471114493042460752087" name="CVE-2016-7258"><vulner_values><impact>2</impact><rate_occurance>0.2</rate_occurance><cost>7.9</cost><risk>2.1</risk><probability>0.21</probability><defense_cost>10</defense_cost></vulner_values></vulnerability><vulnerability id="72500608043981159614418725937364211451" name="CVE-2016-1647"><vulner_values><impact>10</impact><rate_occurance>1.0</rate_occurance><cost>0.7</cost><risk>9.3</risk><probability>0.93</probability><defense_cost>10</defense_cost></vulner_values></vulnerability></or></vulnerabilities></node></nodes><edges><edge><source>0</source><target>27</target></edge><edge><source>0</source><target>28</target></edge><edge><source>0</source><target>25</target></edge><edge><source>0</source><target>26</target></edge><edge><source>1</source><target>27</target></edge><edge><source>1</source><target>28</target></edge><edge><source>1</source><target>25</target></edge><edge><source>1</source><target>26</target></edge><edge><source>2</source><target>27</target></edge><edge><source>2</source><target>28</target></edge><edge><source>2</source><target>25</target></edge><edge><source>2</source><target>26</target></edge><edge><source>3</source><target>27</target></edge><edge><source>3</source><target>28</target></edge><edge><source>3</source><target>25</target></edge><edge><source>3</source><target>26</target></edge><edge><source>4</source><target>27</target></edge><edge><source>4</source><target>28</target></edge><edge><source>4</source><target>25</target></edge><edge><source>4</source><target>26</target></edge><edge><source>5</source><target>27</target></edge><edge><source>5</source><target>28</target></edge><edge><source>5</source><target>25</target></edge><edge><source>5</source><target>26</target></edge><edge><source>6</source><target>27</target></edge><edge><source>6</source><target>28</target></edge><edge><source>6</source><target>25</target></edge><edge><source>6</source><target>26</target></edge><edge><source>7</source><target>27</target></edge><edge><source>7</source><target>28</target></edge><edge><source>7</source><target>25</target></edge><edge><source>7</source><target>26</target></edge><edge><source>8</source><target>27</target></edge><edge><source>8</source><target>28</target></edge><edge><source>8</source><target>25</target></edge><edge><source>8</source><target>26</target></edge><edge><source>9</source><target>27</target></edge><edge><source>9</source><target>28</target></edge><edge><source>9</source><target>25</target></edge><edge><source>9</source><target>26</target></edge><edge><source>10</source><target>27</target></edge><edge><source>10</source><target>28</target></edge><edge><source>10</source><target>25</target></edge><edge><source>10</source><target>26</target></edge><edge><source>11</source><target>27</target></edge><edge><source>11</source><target>28</target></edge><edge><source>11</source><target>25</target></edge><edge><source>11</source><target>26</target></edge><edge><source>12</source><target>27</target></edge><edge><source>12</source><target>28</target></edge><edge><source>12</source><target>25</target></edge><edge><source>12</source><target>26</target></edge><edge><source>13</source><target>27</target></edge><edge><source>13</source><target>28</target></edge><edge><source>13</source><target>25</target></edge><edge><source>13</source><target>26</target></edge><edge><source>14</source><target>27</target></edge><edge><source>14</source><target>28</target></edge><edge><source>14</source><target>25</target></edge><edge><source>14</source><target>26</target></edge><edge><source>15</source><target>27</target></edge><edge><source>15</source><target>28</target></edge><edge><source>15</source><target>25</target></edge><edge><source>15</source><target>26</target></edge><edge><source>16</source><target>27</target></edge><edge><source>16</source><target>28</target></edge><edge><source>16</source><target>25</target></edge><edge><source>16</source><target>26</target></edge><edge><source>17</source><target>27</target></edge><edge><source>17</source><target>28</target></edge><edge><source>17</source><target>25</target></edge><edge><source>17</source><target>26</target></edge><edge><source>18</source><target>27</target></edge><edge><source>18</source><target>28</target></edge><edge><source>18</source><target>25</target></edge><edge><source>18</source><target>26</target></edge><edge><source>19</source><target>27</target></edge><edge><source>19</source><target>28</target></edge><edge><source>19</source><target>25</target></edge><edge><source>19</source><target>26</target></edge><edge><source>20</source><target>27</target></edge><edge><source>20</source><target>28</target></edge><edge><source>20</source><target>25</target></edge><edge><source>20</source><target>26</target></edge><edge><source>21</source><target>27</target></edge><edge><source>21</source><target>28</target></edge><edge><source>21</source><target>25</target></edge><edge><source>21</source><target>26</target></edge><edge><source>22</source><target>27</target></edge><edge><source>22</source><target>28</target></edge><edge><source>22</source><target>25</target></edge><edge><source>22</source><target>26</target></edge><edge><source>23</source><target>27</target></edge><edge><source>23</source><target>28</target></edge><edge><source>23</source><target>25</target></edge><edge><source>23</source><target>26</target></edge><edge><source>24</source><target>25</target></edge><edge><source>24</source><target>26</target></edge><edge><source>25</source><target>0</target></edge><edge><source>25</source><target>1</target></edge><edge><source>25</source><target>2</target></edge><edge><source>25</source><target>3</target></edge><edge><source>25</source><target>4</target></edge><edge><source>25</source><target>5</target></edge><edge><source>25</source><target>6</target></edge><edge><source>25</source><target>7</target></edge><edge><source>25</source><target>8</target></edge><edge><source>25</source><target>9</target></edge><edge><source>25</source><target>10</target></edge><edge><source>25</source><target>11</target></edge><edge><source>25</source><target>12</target></edge><edge><source>25</source><target>13</target></edge><edge><source>25</source><target>14</target></edge><edge><source>25</source><target>15</target></edge><edge><source>25</source><target>16</target></edge><edge><source>25</source><target>17</target></edge><edge><source>25</source><target>18</target></edge><edge><source>25</source><target>19</target></edge><edge><source>25</source><target>20</target></edge><edge><source>25</source><target>21</target></edge><edge><source>25</source><target>22</target></edge><edge><source>25</source><target>23</target></edge><edge><source>25</source><target>35</target></edge><edge><source>25</source><target>27</target></edge><edge><source>25</source><target>28</target></edge><edge><source>25</source><target>30</target></edge><edge><source>25</source><target>31</target></edge><edge><source>25</source><target>32</target></edge><edge><source>25</source><target>33</target></edge><edge><source>25</source><target>34</target></edge><edge><source>26</source><target>0</target></edge><edge><source>26</source><target>1</target></edge><edge><source>26</source><target>2</target></edge><edge><source>26</source><target>3</target></edge><edge><source>26</source><target>4</target></edge><edge><source>26</source><target>5</target></edge><edge><source>26</source><target>6</target></edge><edge><source>26</source><target>7</target></edge><edge><source>26</source><target>8</target></edge><edge><source>26</source><target>9</target></edge><edge><source>26</source><target>10</target></edge><edge><source>26</source><target>11</target></edge><edge><source>26</source><target>12</target></edge><edge><source>26</source><target>13</target></edge><edge><source>26</source><target>14</target></edge><edge><source>26</source><target>15</target></edge><edge><source>26</source><target>16</target></edge><edge><source>26</source><target>17</target></edge><edge><source>26</source><target>18</target></edge><edge><source>26</source><target>19</target></edge><edge><source>26</source><target>20</target></edge><edge><source>26</source><target>21</target></edge><edge><source>26</source><target>22</target></edge><edge><source>26</source><target>23</target></edge><edge><source>26</source><target>35</target></edge><edge><source>26</source><target>27</target></edge><edge><source>26</source><target>28</target></edge><edge><source>26</source><target>30</target></edge><edge><source>26</source><target>31</target></edge><edge><source>26</source><target>32</target></edge><edge><source>26</source><target>33</target></edge><edge><source>26</source><target>34</target></edge><edge><source>27</source><target>29</target></edge><edge><source>28</source><target>29</target></edge><edge><source>30</source><target>27</target></edge><edge><source>30</source><target>28</target></edge><edge><source>30</source><target>25</target></edge><edge><source>30</source><target>26</target></edge><edge><source>31</source><target>27</target></edge><edge><source>31</source><target>28</target></edge><edge><source>31</source><target>25</target></edge><edge><source>31</source><target>26</target></edge><edge><source>32</source><target>27</target></edge><edge><source>32</source><target>28</target></edge><edge><source>32</source><target>25</target></edge><edge><source>32</source><target>26</target></edge><edge><source>33</source><target>27</target></edge><edge><source>33</source><target>28</target></edge><edge><source>33</source><target>25</target></edge><edge><source>33</source><target>26</target></edge><edge><source>34</source><target>27</target></edge><edge><source>34</source><target>28</target></edge><edge><source>34</source><target>25</target></edge><edge><source>34</source><target>26</target></edge><edge><source>35</source><target>27</target></edge><edge><source>35</source><target>28</target></edge><edge><source>35</source><target>25</target></edge><edge><source>35</source><target>26</target></edge></edges></harm>