<harm><nodes><node id="267110750638255573655406065642128290377" name="Attacker"/><node id="332725886706238030196071734539484165666" name="WS2"><host_values><impact>6.4</impact><risk>7.5</risk><probability>0.8575</probability><asset_value>11290</asset_value><rate_occurance>0.64</rate_occurance><cost>3.5</cost><defense_cost>13</defense_cost><exposure_factor>0.06</exposure_factor></host_values><vulnerabilities><or><vulnerability id="268853337354587266063597145905231410942" name="CVE-2014-8109"><vulner_values><impact>2.9</impact><rate_occurance>0.29</rate_occurance><cost>5.7</cost><risk>4.3</risk><probability>0.43</probability><defense_cost>13</defense_cost></vulner_values></vulnerability><vulnerability id="189067857160581689200621674882880302961" name="CVE-2015-4022"><vulner_values><impact>6.4</impact><rate_occurance>0.64</rate_occurance><cost>3.5</cost><risk>7.5</risk><probability>0.75</probability><defense_cost>18</defense_cost></vulner_values></vulnerability></or></vulnerabilities></node><node id="245197369400225191138315327529072191998" name="DB3"><host_values><impact>6.4</impact><risk>6.5</risk><probability>0.8005</probability><asset_value>11290</asset_value><rate_occurance>0.64</rate_occurance><cost>3.5</cost><defense_cost>18</defense_cost><exposure_factor>0.06</exposure_factor></host_values><vulnerabilities><or><vulnerability id="312857343742773234763039154411706241580" name="CVE-2012-3132"><vulner_values><impact>6.4</impact><rate_occurance>0.64</rate_occurance><cost>3.5</cost><risk>6.5</risk><probability>0.65</probability><defense_cost>20</defense_cost></vulner_values></vulnerability><vulnerability id="288486405670164984569950077079822279907" name="CVE-2015-2586"><vulner_values><impact>2.9</impact><rate_occurance>0.29</rate_occurance><cost>5.7</cost><risk>4.3</risk><probability>0.43</probability><defense_cost>18</defense_cost></vulner_values></vulnerability></or></vulnerabilities></node><node id="244694924492613970016836730745079225779" name="AS2"><host_values><impact>6.4</impact><risk>7.5</risk><probability>0.875</probability><asset_value>11290</asset_value><rate_occurance>0.64</rate_occurance><cost>3.5</cost><defense_cost>17</defense_cost><exposure_factor>0.06</exposure_factor></host_values><vulnerabilities><or><vulnerability id="220375913962856897170478987447953918041" name="CVE-2015-4022"><vulner_values><impact>6.4</impact><rate_occurance>0.64</rate_occurance><cost>3.5</cost><risk>7.5</risk><probability>0.75</probability><defense_cost>18</defense_cost></vulner_values></vulnerability><vulnerability id="288086750489126989915338207722124779640" name="CVE-2015-5345"><vulner_values><impact>2.9</impact><rate_occurance>0.29</rate_occurance><cost>5.0</cost><risk>5.0</risk><probability>0.5</probability><defense_cost>17</defense_cost></vulner_values></vulnerability></or></vulnerabilities></node></nodes><edges><edge><source>0</source><target>1</target></edge><edge><source>1</source><target>3</target></edge><edge><source>3</source><target>2</target></edge></edges></harm>