<harm><nodes><node id="14143979990470652046203179605132475034" name="Attacker"/><node id="137289902837615318925683287479259016220" name="WS2"><host_values><impact>6.4</impact><risk>7.5</risk><probability>0.8575</probability><asset_value>11290</asset_value><rate_occurance>0.64</rate_occurance><cost>1</cost><defense_cost>13</defense_cost><exposure_factor>0.06</exposure_factor></host_values><vulnerabilities><or><vulnerability id="38093519522257035653468889742651265680" name="CVE-2014-8109"><vulner_values><impact>2.9</impact><rate_occurance>0.29</rate_occurance><cost>1</cost><risk>4.3</risk><probability>0.43</probability><defense_cost>13</defense_cost></vulner_values></vulnerability><vulnerability id="169835140458394536833712573193387507927" name="CVE-2015-4022"><vulner_values><impact>6.4</impact><rate_occurance>0.64</rate_occurance><cost>1</cost><risk>7.5</risk><probability>0.75</probability><defense_cost>18</defense_cost></vulner_values></vulnerability></or></vulnerabilities></node><node id="49714526009196133433794219431984452322" name="AS2"><host_values><impact>6.4</impact><risk>7.5</risk><probability>0.875</probability><asset_value>11290</asset_value><rate_occurance>0.64</rate_occurance><cost>1</cost><defense_cost>17</defense_cost><exposure_factor>0.06</exposure_factor></host_values><vulnerabilities><or><vulnerability id="316177711001635833695726414463866047424" name="CVE-2015-4022"><vulner_values><impact>6.4</impact><rate_occurance>0.64</rate_occurance><cost>1</cost><risk>7.5</risk><probability>0.75</probability><defense_cost>18</defense_cost></vulner_values></vulnerability><vulnerability id="187968546075729927094264197775072781649" name="CVE-2015-5345"><vulner_values><impact>2.9</impact><rate_occurance>0.29</rate_occurance><cost>2.5</cost><risk>5.0</risk><probability>0.5</probability><defense_cost>17</defense_cost></vulner_values></vulnerability></or></vulnerabilities></node><node id="12598898734815523367646248635894718611" name="DB3"><host_values><impact>6.4</impact><risk>6.5</risk><probability>0.8005</probability><asset_value>11290</asset_value><rate_occurance>0.64</rate_occurance><cost>2.5</cost><defense_cost>18</defense_cost><exposure_factor>0.06</exposure_factor></host_values><vulnerabilities><or><vulnerability id="255084350555000127625314193156605700923" name="CVE-2012-3132"><vulner_values><impact>6.4</impact><rate_occurance>0.64</rate_occurance><cost>2.5</cost><risk>6.5</risk><probability>0.65</probability><defense_cost>20</defense_cost></vulner_values></vulnerability><vulnerability id="246371925839845223298598186192528401562" name="CVE-2015-2586"><vulner_values><impact>2.9</impact><rate_occurance>0.29</rate_occurance><cost>5.7</cost><risk>4.3</risk><probability>0.43</probability><defense_cost>18</defense_cost></vulner_values></vulnerability></or></vulnerabilities></node></nodes><edges><edge><source>0</source><target>1</target></edge><edge><source>1</source><target>2</target></edge><edge><source>2</source><target>3</target></edge></edges></harm>