<harm><nodes><node id="3443558779838606813665775966200158387" name="User2"><host_values><impact>10.0</impact><risk>9.1</risk><probability>0.97948</probability><defense_cost>5.0</defense_cost><cost>1.0</cost><threat_impact>{'E': 0.4, 'D': 0.0, 'I': 0.2, 'S': 0.3, 'R': 0.1, 'T': 0.0}</threat_impact><type>user</type><exploitability>0.43</exploitability></host_values><vulnerabilities><or><vulnerability id="41502514138847185333597008442317146959" name="CVE-2017-2003"><vulner_values><impact>6.0</impact><cost>4.0</cost><risk>6.0</risk><probability>0.6</probability><defense_cost>10</defense_cost><exploitability>0.43</exploitability></vulner_values></vulnerability><vulnerability id="301019725919088716373368290743206120889" name="CVE-2015-2004"><vulner_values><impact>4.0</impact><cost>5.7</cost><risk>4.3</risk><probability>0.43</probability><defense_cost>5.0</defense_cost><exploitability>0.43</exploitability></vulner_values></vulnerability><vulnerability id="72494752782041346668833422706918661936" name="CVE-2017-2005"><vulner_values><impact>10.0</impact><cost>1.0</cost><risk>9.1</risk><probability>0.91</probability><defense_cost>10</defense_cost><exploitability>0.43</exploitability></vulner_values></vulnerability></or></vulnerabilities></node><node id="294530092297009752933590430989111956487" name="WS0"><host_values><impact>9.0</impact><risk>9.3</risk><probability>0.99125</probability><defense_cost>10</defense_cost><cost>0.7</cost><threat_impact>{'E': 0.4, 'D': 0.2, 'I': 0.2, 'S': 0.2, 'R': 0.0, 'T': 0.0}</threat_impact><type>web server</type><exploitability>0.43</exploitability></host_values><vulnerabilities><or><vulnerability id="313200434126799562738133666274483070852" name="CVE-2017-10810"><vulner_values><impact>7.6</impact><cost>2.5</cost><risk>7.5</risk><probability>0.75</probability><defense_cost>15</defense_cost><exploitability>0.43</exploitability></vulner_values></vulnerability><vulnerability id="165976453247987512462246575337844786951" name="CVE-2017-9953"><vulner_values><impact>5.0</impact><cost>5.0</cost><risk>5.0</risk><probability>0.5</probability><defense_cost>10</defense_cost><exploitability>0.43</exploitability></vulner_values></vulnerability><vulnerability id="13191879982721090368570965310903428210" name="CVE-2017-8464"><vulner_values><impact>9.0</impact><cost>0.7</cost><risk>9.3</risk><probability>0.93</probability><defense_cost>10</defense_cost><exploitability>0.43</exploitability></vulner_values></vulnerability></or></vulnerabilities></node><node id="117173226718823595266801745143271758955" name="User3"><host_values><impact>10.0</impact><risk>9.1</risk><probability>0.97948</probability><defense_cost>5.0</defense_cost><cost>1.0</cost><threat_impact>{'E': 0.4, 'D': 0.0, 'I': 0.2, 'S': 0.3, 'R': 0.1, 'T': 0.0}</threat_impact><type>user</type><exploitability>0.43</exploitability></host_values><vulnerabilities><or><vulnerability id="2990763733103891273933326476361548808" name="CVE-2017-2003"><vulner_values><impact>6.0</impact><cost>4.0</cost><risk>6.0</risk><probability>0.6</probability><defense_cost>10</defense_cost><exploitability>0.43</exploitability></vulner_values></vulnerability><vulnerability id="142593066114017378280396020006692626287" name="CVE-2015-2004"><vulner_values><impact>4.0</impact><cost>5.7</cost><risk>4.3</risk><probability>0.43</probability><defense_cost>5.0</defense_cost><exploitability>0.43</exploitability></vulner_values></vulnerability><vulnerability id="242628549418059833729543028338474177219" name="CVE-2017-2005"><vulner_values><impact>10.0</impact><cost>1.0</cost><risk>9.1</risk><probability>0.91</probability><defense_cost>10</defense_cost><exploitability>0.43</exploitability></vulner_values></vulnerability></or></vulnerabilities></node><node id="245019599847584058510410603599258870740" name="Attacker"/><node id="340141597866934266314789032177166031732" name="DB"><host_values><impact>10.0</impact><cost>0.1</cost><risk>10.0</risk><probability>1.0</probability><defense_cost>10</defense_cost><type>web server</type><exploitability>0.43</exploitability></host_values><vulnerabilities><or><vulnerability id="155072715961212317034293934653558571012" name="CVE-2017-2006"><vulner_values><impact>8.0</impact><cost>1.5</cost><risk>8.5</risk><probability>0.85</probability><defense_cost>10</defense_cost><exploitability>0.43</exploitability></vulner_values></vulnerability><vulnerability id="149725701901575580603649540099994764245" name="CVE-2017-8589"><vulner_values><impact>10.0</impact><cost>0.1</cost><risk>10.0</risk><probability>1.0</probability><defense_cost>10</defense_cost><exploitability>0.43</exploitability></vulner_values></vulnerability><vulnerability id="223127503504286197182184010544081152965" name="CVE-2017-1297"><vulner_values><impact>7.9</impact><cost>2.8</cost><risk>7.3</risk><probability>0.73</probability><defense_cost>15</defense_cost><exploitability>0.43</exploitability></vulner_values></vulnerability></or></vulnerabilities></node><node id="273692495064141730941700855922224080609" name="User4"><host_values><impact>10.0</impact><risk>9.1</risk><probability>0.97948</probability><defense_cost>5.0</defense_cost><cost>1.0</cost><threat_impact>{'E': 0.4, 'D': 0.0, 'I': 0.2, 'S': 0.3, 'R': 0.1, 'T': 0.0}</threat_impact><type>user</type><exploitability>0.43</exploitability></host_values><vulnerabilities><or><vulnerability id="332641937920354776907905579408881387615" name="CVE-2017-2003"><vulner_values><impact>6.0</impact><cost>4.0</cost><risk>6.0</risk><probability>0.6</probability><defense_cost>10</defense_cost><exploitability>0.43</exploitability></vulner_values></vulnerability><vulnerability id="192012522764460121988964626467365007560" name="CVE-2015-2004"><vulner_values><impact>4.0</impact><cost>5.7</cost><risk>4.3</risk><probability>0.43</probability><defense_cost>5.0</defense_cost><exploitability>0.43</exploitability></vulner_values></vulnerability><vulnerability id="249208577398547718047667164506185109837" name="CVE-2017-2005"><vulner_values><impact>10.0</impact><cost>1.0</cost><risk>9.1</risk><probability>0.91</probability><defense_cost>10</defense_cost><exploitability>0.43</exploitability></vulner_values></vulnerability></or></vulnerabilities></node><node id="59597881129896480399916422978467621263" name="WS1"><host_values><impact>9.0</impact><risk>9.3</risk><probability>0.99125</probability><defense_cost>10</defense_cost><cost>0.7</cost><threat_impact>{'E': 0.4, 'D': 0.2, 'I': 0.2, 'S': 0.2, 'R': 0.0, 'T': 0.0}</threat_impact><type>web server</type><exploitability>0.43</exploitability></host_values><vulnerabilities><or><vulnerability id="295932965868920959173637801041402010646" name="CVE-2017-10810"><vulner_values><impact>7.6</impact><cost>2.5</cost><risk>7.5</risk><probability>0.75</probability><defense_cost>15</defense_cost><exploitability>0.43</exploitability></vulner_values></vulnerability><vulnerability id="160841696137629442899084996529959258692" name="CVE-2017-9953"><vulner_values><impact>5.0</impact><cost>5.0</cost><risk>5.0</risk><probability>0.5</probability><defense_cost>10</defense_cost><exploitability>0.43</exploitability></vulner_values></vulnerability><vulnerability id="280474053706604961656246908875722670487" name="CVE-2017-8464"><vulner_values><impact>9.0</impact><cost>0.7</cost><risk>9.3</risk><probability>0.93</probability><defense_cost>10</defense_cost><exploitability>0.43</exploitability></vulner_values></vulnerability></or></vulnerabilities></node><node id="314525795810114816994721178322389006051" name="WS2"><host_values><impact>9.0</impact><risk>9.3</risk><probability>0.99125</probability><defense_cost>10</defense_cost><cost>0.7</cost><threat_impact>{'E': 0.4, 'D': 0.2, 'I': 0.2, 'S': 0.2, 'R': 0.0, 'T': 0.0}</threat_impact><type>web server</type><exploitability>0.43</exploitability></host_values><vulnerabilities><or><vulnerability id="159934432214371254459787706084393237678" name="CVE-2017-10810"><vulner_values><impact>7.6</impact><cost>2.5</cost><risk>7.5</risk><probability>0.75</probability><defense_cost>15</defense_cost><exploitability>0.43</exploitability></vulner_values></vulnerability><vulnerability id="197907864035559337466936639032003278205" name="CVE-2017-9953"><vulner_values><impact>5.0</impact><cost>5.0</cost><risk>5.0</risk><probability>0.5</probability><defense_cost>10</defense_cost><exploitability>0.43</exploitability></vulner_values></vulnerability><vulnerability id="99988125252004889431420824259373393071" name="CVE-2017-8464"><vulner_values><impact>9.0</impact><cost>0.7</cost><risk>9.3</risk><probability>0.93</probability><defense_cost>10</defense_cost><exploitability>0.43</exploitability></vulner_values></vulnerability></or></vulnerabilities></node><node id="245635367537961703605015581825864669152" name="WS3"><host_values><impact>9.0</impact><risk>9.3</risk><probability>0.99125</probability><defense_cost>10</defense_cost><cost>0.7</cost><threat_impact>{'E': 0.4, 'D': 0.2, 'I': 0.2, 'S': 0.2, 'R': 0.0, 'T': 0.0}</threat_impact><type>web server</type><exploitability>0.43</exploitability></host_values><vulnerabilities><or><vulnerability id="26169098296306589392650693370755481999" name="CVE-2017-10810"><vulner_values><impact>7.6</impact><cost>2.5</cost><risk>7.5</risk><probability>0.75</probability><defense_cost>15</defense_cost><exploitability>0.43</exploitability></vulner_values></vulnerability><vulnerability id="12629869356178266797906476965153931002" name="CVE-2017-9953"><vulner_values><impact>5.0</impact><cost>5.0</cost><risk>5.0</risk><probability>0.5</probability><defense_cost>10</defense_cost><exploitability>0.43</exploitability></vulner_values></vulnerability><vulnerability id="294448939724653352465096254004626954512" name="CVE-2017-8464"><vulner_values><impact>9.0</impact><cost>0.7</cost><risk>9.3</risk><probability>0.93</probability><defense_cost>10</defense_cost><exploitability>0.43</exploitability></vulner_values></vulnerability></or></vulnerabilities></node><node id="205715038699448090370467290777782519935" name="WS4"><host_values><impact>9.0</impact><risk>9.3</risk><probability>0.99125</probability><defense_cost>10</defense_cost><cost>0.7</cost><threat_impact>{'E': 0.4, 'D': 0.2, 'I': 0.2, 'S': 0.2, 'R': 0.0, 'T': 0.0}</threat_impact><type>web server</type><exploitability>0.43</exploitability></host_values><vulnerabilities><or><vulnerability id="217781814229021051708720618963369899045" name="CVE-2017-10810"><vulner_values><impact>7.6</impact><cost>2.5</cost><risk>7.5</risk><probability>0.75</probability><defense_cost>15</defense_cost><exploitability>0.43</exploitability></vulner_values></vulnerability><vulnerability id="327458130961593305440159594789999474800" name="CVE-2017-9953"><vulner_values><impact>5.0</impact><cost>5.0</cost><risk>5.0</risk><probability>0.5</probability><defense_cost>10</defense_cost><exploitability>0.43</exploitability></vulner_values></vulnerability><vulnerability id="216415144479090790460948397621070656626" name="CVE-2017-8464"><vulner_values><impact>9.0</impact><cost>0.7</cost><risk>9.3</risk><probability>0.93</probability><defense_cost>10</defense_cost><exploitability>0.43</exploitability></vulner_values></vulnerability></or></vulnerabilities></node><node id="165675353216156147933149348627316792721" name="User0"><host_values><impact>10.0</impact><risk>9.1</risk><probability>0.97948</probability><defense_cost>5.0</defense_cost><cost>1.0</cost><threat_impact>{'E': 0.4, 'D': 0.0, 'I': 0.2, 'S': 0.3, 'R': 0.1, 'T': 0.0}</threat_impact><type>user</type><exploitability>0.43</exploitability></host_values><vulnerabilities><or><vulnerability id="111544649304488311120737065484759307038" name="CVE-2017-2003"><vulner_values><impact>6.0</impact><cost>4.0</cost><risk>6.0</risk><probability>0.6</probability><defense_cost>10</defense_cost><exploitability>0.43</exploitability></vulner_values></vulnerability><vulnerability id="199624009716774769806336549677276250826" name="CVE-2015-2004"><vulner_values><impact>4.0</impact><cost>5.7</cost><risk>4.3</risk><probability>0.43</probability><defense_cost>5.0</defense_cost><exploitability>0.43</exploitability></vulner_values></vulnerability><vulnerability id="89719909741087691840320729197182600332" name="CVE-2017-2005"><vulner_values><impact>10.0</impact><cost>1.0</cost><risk>9.1</risk><probability>0.91</probability><defense_cost>10</defense_cost><exploitability>0.43</exploitability></vulner_values></vulnerability></or></vulnerabilities></node><node id="261414925761646813580932712774783136970" name="User1"><host_values><impact>10.0</impact><risk>9.1</risk><probability>0.97948</probability><defense_cost>5.0</defense_cost><cost>1.0</cost><threat_impact>{'E': 0.4, 'D': 0.0, 'I': 0.2, 'S': 0.3, 'R': 0.1, 'T': 0.0}</threat_impact><type>user</type><exploitability>0.43</exploitability></host_values><vulnerabilities><or><vulnerability id="28230181595756738064650958537205244164" name="CVE-2017-2003"><vulner_values><impact>6.0</impact><cost>4.0</cost><risk>6.0</risk><probability>0.6</probability><defense_cost>10</defense_cost><exploitability>0.43</exploitability></vulner_values></vulnerability><vulnerability id="288851591470404753129338551459922382917" name="CVE-2015-2004"><vulner_values><impact>4.0</impact><cost>5.7</cost><risk>4.3</risk><probability>0.43</probability><defense_cost>5.0</defense_cost><exploitability>0.43</exploitability></vulner_values></vulnerability><vulnerability id="149394407456844575880326425426434720428" name="CVE-2017-2005"><vulner_values><impact>10.0</impact><cost>1.0</cost><risk>9.1</risk><probability>0.91</probability><defense_cost>10</defense_cost><exploitability>0.43</exploitability></vulner_values></vulnerability></or></vulnerabilities></node></nodes><edges><edge><source>0</source><target>2</target></edge><edge><source>0</source><target>4</target></edge><edge><source>0</source><target>5</target></edge><edge><source>1</source><target>0</target></edge><edge><source>1</source><target>2</target></edge><edge><source>1</source><target>5</target></edge><edge><source>1</source><target>6</target></edge><edge><source>1</source><target>7</target></edge><edge><source>1</source><target>10</target></edge><edge><source>1</source><target>11</target></edge><edge><source>2</source><target>10</target></edge><edge><source>2</source><target>4</target></edge><edge><source>2</source><target>5</target></edge><edge><source>3</source><target>7</target></edge><edge><source>3</source><target>9</target></edge><edge><source>5</source><target>10</target></edge><edge><source>5</source><target>4</target></edge><edge><source>5</source><target>11</target></edge><edge><source>6</source><target>0</target></edge><edge><source>6</source><target>2</target></edge><edge><source>6</source><target>5</target></edge><edge><source>6</source><target>7</target></edge><edge><source>6</source><target>8</target></edge><edge><source>6</source><target>10</target></edge><edge><source>6</source><target>11</target></edge><edge><source>7</source><target>0</target></edge><edge><source>7</source><target>2</target></edge><edge><source>7</source><target>5</target></edge><edge><source>7</source><target>8</target></edge><edge><source>7</source><target>9</target></edge><edge><source>7</source><target>10</target></edge><edge><source>7</source><target>11</target></edge><edge><source>8</source><target>0</target></edge><edge><source>8</source><target>2</target></edge><edge><source>8</source><target>5</target></edge><edge><source>8</source><target>1</target></edge><edge><source>8</source><target>9</target></edge><edge><source>8</source><target>10</target></edge><edge><source>8</source><target>11</target></edge><edge><source>9</source><target>0</target></edge><edge><source>9</source><target>2</target></edge><edge><source>9</source><target>5</target></edge><edge><source>9</source><target>1</target></edge><edge><source>9</source><target>6</target></edge><edge><source>9</source><target>10</target></edge><edge><source>9</source><target>11</target></edge><edge><source>10</source><target>11</target></edge><edge><source>10</source><target>4</target></edge><edge><source>10</source><target>0</target></edge><edge><source>11</source><target>2</target></edge><edge><source>11</source><target>4</target></edge><edge><source>11</source><target>0</target></edge></edges></harm>