<harm><nodes><node id="69407969020725462610587546961654243800" name="132.181.147.235"><host_values><impact>1.0</impact><risk>10.0</risk><probability>1.0</probability><cost>1.0</cost></host_values><ignorable>False</ignorable><vulnerabilities><or><vulnerability id="200271633270274843734906888551258708685" name="SMBv1 Unspecified Remote Code Execution (Shadow Brokers)"><vulner_values><impact>1.0</impact><cost>1.0</cost><risk>10.0</risk><probability>1.0</probability></vulner_values></vulnerability><vulnerability id="329564411226209983804322412860780599432" name="TCP timestamps"><vulner_values><impact>1.0</impact><cost>1.0</cost><risk>2.6</risk><probability>0.26</probability></vulner_values></vulnerability></or></vulnerabilities></node><node id="183349873732746184001365963955402993352" name="Attacker"/><node id="252888714222754082940177966797735095563" name="132.181.147.240"><host_values><impact>1.0</impact><risk>2.6</risk><probability>0.26</probability><cost>1.0</cost></host_values><ignorable>False</ignorable><vulnerabilities><or><vulnerability id="88341269713003289224586187752706125986" name="TCP timestamps"><vulner_values><impact>1.0</impact><cost>1.0</cost><risk>2.6</risk><probability>0.26</probability></vulner_values></vulnerability></or></vulnerabilities></node><node id="147384398253566186394304610870464809406" name="132.181.147.238"><host_values><impact>1.0</impact><risk>10.0</risk><probability>1.0</probability><cost>1.0</cost></host_values><ignorable>False</ignorable><vulnerabilities><or><vulnerability id="268021230221534873306514845454706315581" name="DCE Services Enumeration Reporting"><vulner_values><impact>1.0</impact><cost>1.0</cost><risk>5.0</risk><probability>0.5</probability></vulner_values></vulnerability><vulnerability id="174180857936175181658430385381873082996" name="SMBv1 Unspecified Remote Code Execution (Shadow Brokers)"><vulner_values><impact>1.0</impact><cost>1.0</cost><risk>10.0</risk><probability>1.0</probability></vulner_values></vulnerability><vulnerability id="123375961075606036216537575382898961713" name="SSL/TLS: Certificate Signed Using A Weak Signature Algorithm"><vulner_values><impact>1.0</impact><cost>1.0</cost><risk>4.0</risk><probability>0.4</probability></vulner_values></vulnerability><vulnerability id="288158031533592006370800891635277032364" name="SSL/TLS: Diffie-Hellman Key Exchange Insufficient DH Group Strength Vulnerability"><vulner_values><impact>1.0</impact><cost>1.0</cost><risk>4.0</risk><probability>0.4</probability></vulner_values></vulnerability><vulnerability id="323611765790105393171727035058102647352" name="SSL/TLS: Report Weak Cipher Suites"><vulner_values><impact>1.0</impact><cost>1.0</cost><risk>4.3</risk><probability>0.43</probability></vulner_values></vulnerability><vulnerability id="186573248427211826294935651836448825378" name="TCP timestamps"><vulner_values><impact>1.0</impact><cost>1.0</cost><risk>2.6</risk><probability>0.26</probability></vulner_values></vulnerability></or></vulnerabilities></node><node id="98777460746884165086243322612505047775" name="132.181.147.236"><host_values><impact>1.0</impact><risk>10.0</risk><probability>1.0</probability><cost>1.0</cost></host_values><ignorable>False</ignorable><vulnerabilities><or><vulnerability id="285315461699377846670118618212924935493" name="DCE Services Enumeration Reporting"><vulner_values><impact>1.0</impact><cost>1.0</cost><risk>5.0</risk><probability>0.5</probability></vulner_values></vulnerability><vulnerability id="148411363161648567922964029128077407604" name="SMBv1 Unspecified Remote Code Execution (Shadow Brokers)"><vulner_values><impact>1.0</impact><cost>1.0</cost><risk>10.0</risk><probability>1.0</probability></vulner_values></vulnerability><vulnerability id="336272902985550258995847620645343451034" name="SSL/TLS: Certificate Signed Using A Weak Signature Algorithm"><vulner_values><impact>1.0</impact><cost>1.0</cost><risk>4.0</risk><probability>0.4</probability></vulner_values></vulnerability><vulnerability id="336620368722107922784254182419452829931" name="SSL/TLS: Diffie-Hellman Key Exchange Insufficient DH Group Strength Vulnerability"><vulner_values><impact>1.0</impact><cost>1.0</cost><risk>4.0</risk><probability>0.4</probability></vulner_values></vulnerability><vulnerability id="30381943739566556664448141225032133317" name="SSL/TLS: Report Weak Cipher Suites"><vulner_values><impact>1.0</impact><cost>1.0</cost><risk>4.3</risk><probability>0.43</probability></vulner_values></vulnerability><vulnerability id="94205258401570440104100496532298496418" name="TCP timestamps"><vulner_values><impact>1.0</impact><cost>1.0</cost><risk>2.6</risk><probability>0.26</probability></vulner_values></vulnerability></or></vulnerabilities></node><node id="36768129192415730134146205358762426651" name="132.181.147.230"><host_values><impact>1.0</impact><risk>10.0</risk><probability>1.0</probability><cost>1.0</cost></host_values><ignorable>False</ignorable><vulnerabilities><or><vulnerability id="137471010565095327919176423748019722730" name="DCE Services Enumeration Reporting"><vulner_values><impact>1.0</impact><cost>1.0</cost><risk>5.0</risk><probability>0.5</probability></vulner_values></vulnerability><vulnerability id="327728679145333102245380110543059644905" name="SMBv1 Unspecified Remote Code Execution (Shadow Brokers)"><vulner_values><impact>1.0</impact><cost>1.0</cost><risk>10.0</risk><probability>1.0</probability></vulner_values></vulnerability><vulnerability id="215579720090199260867311190120476860079" name="SSL/TLS: Certificate Signed Using A Weak Signature Algorithm"><vulner_values><impact>1.0</impact><cost>1.0</cost><risk>4.0</risk><probability>0.4</probability></vulner_values></vulnerability><vulnerability id="150901852356652384618305065281074546339" name="SSL/TLS: Diffie-Hellman Key Exchange Insufficient DH Group Strength Vulnerability"><vulner_values><impact>1.0</impact><cost>1.0</cost><risk>4.0</risk><probability>0.4</probability></vulner_values></vulnerability><vulnerability id="66178167940785712504114312139794608998" name="SSL/TLS: Report Weak Cipher Suites"><vulner_values><impact>1.0</impact><cost>1.0</cost><risk>4.3</risk><probability>0.43</probability></vulner_values></vulnerability><vulnerability id="234846113943368025207261522683459583219" name="TCP timestamps"><vulner_values><impact>1.0</impact><cost>1.0</cost><risk>2.6</risk><probability>0.26</probability></vulner_values></vulnerability></or></vulnerabilities></node><node id="129554081057631568677645778724674785033" name="132.181.147.227"><host_values><impact>1.0</impact><risk>10.0</risk><probability>1.0</probability><cost>1.0</cost></host_values><ignorable>False</ignorable><vulnerabilities><or><vulnerability id="258861083071222837422849263812188365424" name="DCE Services Enumeration Reporting"><vulner_values><impact>1.0</impact><cost>1.0</cost><risk>5.0</risk><probability>0.5</probability></vulner_values></vulnerability><vulnerability id="162073464488905583788584706347586229303" name="SMBv1 Unspecified Remote Code Execution (Shadow Brokers)"><vulner_values><impact>1.0</impact><cost>1.0</cost><risk>10.0</risk><probability>1.0</probability></vulner_values></vulnerability><vulnerability id="323512417867992708798523031560946365050" name="TCP timestamps"><vulner_values><impact>1.0</impact><cost>1.0</cost><risk>2.6</risk><probability>0.26</probability></vulner_values></vulnerability></or></vulnerabilities></node><node id="228210848007111371694577536953609084018" name="132.181.147.234"><host_values><impact>1.0</impact><risk>2.6</risk><probability>0.26</probability><cost>1.0</cost></host_values><ignorable>False</ignorable><vulnerabilities><or><vulnerability id="158673350357003452189551827073491050175" name="TCP timestamps"><vulner_values><impact>1.0</impact><cost>1.0</cost><risk>2.6</risk><probability>0.26</probability></vulner_values></vulnerability></or></vulnerabilities></node><node id="89808604389969198596267549044849403489" name="132.181.147.254"><host_values/><ignorable>True</ignorable><vulnerabilities><or/></vulnerabilities></node><node id="37804755455363875853420760900773032014" name="132.181.147.232"><host_values><impact>1.0</impact><risk>10.0</risk><probability>1.0</probability><cost>1.0</cost></host_values><ignorable>False</ignorable><vulnerabilities><or><vulnerability id="164624120866212447418809532448644316664" name="DCE Services Enumeration Reporting"><vulner_values><impact>1.0</impact><cost>1.0</cost><risk>5.0</risk><probability>0.5</probability></vulner_values></vulnerability><vulnerability id="106946449295086861658468206579534501286" name="SMBv1 Unspecified Remote Code Execution (Shadow Brokers)"><vulner_values><impact>1.0</impact><cost>1.0</cost><risk>10.0</risk><probability>1.0</probability></vulner_values></vulnerability><vulnerability id="86617839236077548145168559429898823944" name="SSL/TLS: Certificate Signed Using A Weak Signature Algorithm"><vulner_values><impact>1.0</impact><cost>1.0</cost><risk>4.0</risk><probability>0.4</probability></vulner_values></vulnerability><vulnerability id="203275228979487290713674234935481936948" name="SSL/TLS: Diffie-Hellman Key Exchange Insufficient DH Group Strength Vulnerability"><vulner_values><impact>1.0</impact><cost>1.0</cost><risk>4.0</risk><probability>0.4</probability></vulner_values></vulnerability><vulnerability id="210404275021841157200053717588790322555" name="SSL/TLS: Report Weak Cipher Suites"><vulner_values><impact>1.0</impact><cost>1.0</cost><risk>4.3</risk><probability>0.43</probability></vulner_values></vulnerability><vulnerability id="95922635848236472419067876641214426384" name="TCP timestamps"><vulner_values><impact>1.0</impact><cost>1.0</cost><risk>2.6</risk><probability>0.26</probability></vulner_values></vulnerability></or></vulnerabilities></node></nodes><edges><edge><source>1</source><target>8</target></edge><edge><source>8</source><target>5</target></edge><edge><source>8</source><target>0</target></edge><edge><source>8</source><target>2</target></edge><edge><source>8</source><target>3</target></edge><edge><source>8</source><target>4</target></edge><edge><source>8</source><target>9</target></edge><edge><source>8</source><target>6</target></edge><edge><source>8</source><target>7</target></edge><edge><source>8</source><target>6</target></edge><edge><source>8</source><target>9</target></edge><edge><source>8</source><target>5</target></edge><edge><source>8</source><target>4</target></edge><edge><source>8</source><target>2</target></edge><edge><source>8</source><target>3</target></edge><edge><source>8</source><target>7</target></edge><edge><source>8</source><target>0</target></edge></edges><psv_hybrid><psv_tuple><host>132.181.147.235</host><vulnerability>SMBv1 Unspecified Remote Code Execution (Shadow Brokers)</vulnerability><value>0.5</value></psv_tuple><psv_tuple><host>132.181.147.235</host><vulnerability>TCP timestamps</vulnerability><value>0.5</value></psv_tuple><psv_tuple><host>132.181.147.236</host><vulnerability>DCE Services Enumeration Reporting</vulnerability><value>0.5</value></psv_tuple><psv_tuple><host>132.181.147.236</host><vulnerability>SMBv1 Unspecified Remote Code Execution (Shadow Brokers)</vulnerability><value>0.5</value></psv_tuple><psv_tuple><host>132.181.147.236</host><vulnerability>SSL/TLS: Certificate Signed Using A Weak Signature Algorithm</vulnerability><value>0.5</value></psv_tuple><psv_tuple><host>132.181.147.236</host><vulnerability>SSL/TLS: Diffie-Hellman Key Exchange Insufficient DH Group Strength Vulnerability</vulnerability><value>0.5</value></psv_tuple><psv_tuple><host>132.181.147.236</host><vulnerability>SSL/TLS: Report Weak Cipher Suites</vulnerability><value>0.5</value></psv_tuple></psv_hybrid><summaries><summary name="Number of vulnerable hosts" value="8"/><summary name="Risk" value="10.0"/><summary name="Mean of attack path lengths" value="0.888888888889"/><summary name="Mode of attack path lengths" value="1"/><summary name="Standard Deviation of attack path lengths" value="0.333333333333"/><summary name="Shortest attack path length" value="9"/><summary name="Density" value="0.1"/><summary name="Normalised Mean Path Length" value="0.0987654320988"/><summary name="Probability of attack success" value="1"/><summary name="Number of Attack Paths" value="9"/></summaries><summaries_patched><summary name="Number of vulnerable hosts" value="8"/><summary name="Risk" value="10.0"/><summary name="Mean of attack path lengths" value="0.888888888889"/><summary name="Mode of attack path lengths" value="1"/><summary name="Standard Deviation of attack path lengths" value="0.333333333333"/><summary name="Shortest attack path length" value="9"/><summary name="Density" value="0.1"/><summary name="Normalised Mean Path Length" value="0.0987654320988"/><summary name="Probability of attack success" value="1"/><summary name="Number of Attack Paths" value="9"/></summaries_patched></harm>