<harm><nodes><node id="180809460195985171019081562747744614749" name="WS1"><host_values><impact>10.0</impact><cost>0.1</cost><risk>10.0</risk><probability>1.0</probability><defense_cost>10</defense_cost><type>web server</type><exploitability>0.28</exploitability></host_values><vulnerabilities><or><vulnerability id="89088244819571539075350263886584676299" name="CVE-2017-8589"><vulner_values><impact>10.0</impact><cost>0.1</cost><risk>10.0</risk><probability>1.0</probability><defense_cost>10</defense_cost><exploitability>0.28</exploitability></vulner_values></vulnerability></or></vulnerabilities></node><node id="147273955655119607275391414489187536769" name="A 0"><host_values><impact>9.0</impact><risk>9.3</risk><probability>0.93</probability><asset_value>20</asset_value><cost>0.7</cost><defense_cost>10</defense_cost><type>user</type><exploitability>0.44</exploitability></host_values><vulnerabilities><or><vulnerability id="132539260790115604916073759911474894679" name="CVE-2017-8464"><vulner_values><impact>9.0</impact><cost>0.7</cost><risk>9.3</risk><probability>0.93</probability><defense_cost>10</defense_cost><exploitability>0.44</exploitability></vulner_values></vulnerability></or></vulnerabilities></node><node id="263432877614736230419428961841978537933" name="A 1"><host_values><impact>10.0</impact><risk>10.0</risk><probability>1.0</probability><asset_value>20</asset_value><cost>0.1</cost><defense_cost>10</defense_cost><type>user</type><exploitability>0.44</exploitability></host_values><vulnerabilities><or><vulnerability id="317960924028042978369633002745836097244" name="CVE-2017-8589"><vulner_values><impact>10.0</impact><cost>0.1</cost><risk>10.0</risk><probability>1.0</probability><defense_cost>10</defense_cost><exploitability>0.44</exploitability></vulner_values></vulnerability></or></vulnerabilities></node><node id="170296640964207607850239090782256458300" name="A 2"><host_values><impact>9.0</impact><risk>9.3</risk><probability>0.93</probability><asset_value>20</asset_value><cost>0.7</cost><defense_cost>10</defense_cost><type>user</type><exploitability>0.44</exploitability></host_values><vulnerabilities><or><vulnerability id="185873365350545889397640851572273152438" name="CVE-2017-8464"><vulner_values><impact>9.0</impact><cost>0.7</cost><risk>9.3</risk><probability>0.93</probability><defense_cost>10</defense_cost><exploitability>0.44</exploitability></vulner_values></vulnerability></or></vulnerabilities></node><node id="261949888970893546809560875370479382483" name="A 3"><host_values><impact>9.0</impact><risk>9.3</risk><probability>0.93</probability><asset_value>20</asset_value><cost>0.7</cost><defense_cost>10</defense_cost><type>user</type><exploitability>0.44</exploitability></host_values><vulnerabilities><or><vulnerability id="274716724587029312304709307241014020213" name="CVE-2017-8464"><vulner_values><impact>9.0</impact><cost>0.7</cost><risk>9.3</risk><probability>0.93</probability><defense_cost>10</defense_cost><exploitability>0.44</exploitability></vulner_values></vulnerability></or></vulnerabilities></node><node id="315825872235242630696001111665262480553" name="A 4"><host_values><impact>10.0</impact><risk>10.0</risk><probability>1.0</probability><asset_value>20</asset_value><cost>0.1</cost><defense_cost>10</defense_cost><type>user</type><exploitability>0.44</exploitability></host_values><vulnerabilities><or><vulnerability id="249437554913320943979069542920442115512" name="CVE-2017-8589"><vulner_values><impact>10.0</impact><cost>0.1</cost><risk>10.0</risk><probability>1.0</probability><defense_cost>10</defense_cost><exploitability>0.44</exploitability></vulner_values></vulnerability></or></vulnerabilities></node><node id="178765451158982246576958005323215044622" name="A 5"><host_values><impact>9.0</impact><risk>9.3</risk><probability>0.93</probability><asset_value>20</asset_value><cost>0.7</cost><defense_cost>10</defense_cost><type>user</type><exploitability>0.44</exploitability></host_values><vulnerabilities><or><vulnerability id="125894889053192567041081471794659971558" name="CVE-2017-8464"><vulner_values><impact>9.0</impact><cost>0.7</cost><risk>9.3</risk><probability>0.93</probability><defense_cost>10</defense_cost><exploitability>0.44</exploitability></vulner_values></vulnerability></or></vulnerabilities></node><node id="327276889368653509501954214423622451690" name="B 0"><host_values><impact>2</impact><risk>4.3</risk><probability>0.43</probability><asset_value>20</asset_value><cost>5.7</cost><defense_cost>5.0</defense_cost><type>user</type><exploitability>0.44</exploitability></host_values><vulnerabilities><or><vulnerability id="36080236258744556516749265887758993018" name="CVE-2015-5479"><vulner_values><impact>2</impact><cost>5.7</cost><risk>4.3</risk><probability>0.43</probability><defense_cost>5.0</defense_cost><exploitability>0.44</exploitability></vulner_values></vulnerability></or></vulnerabilities></node><node id="127753229594196753818545570428508796918" name="B 1"><host_values><impact>10.0</impact><risk>10.0</risk><probability>1.0</probability><asset_value>20</asset_value><cost>0.1</cost><defense_cost>10</defense_cost><type>user</type><exploitability>0.44</exploitability></host_values><vulnerabilities><or><vulnerability id="96520213066860372788334010074897460757" name="CVE-2017-8589"><vulner_values><impact>10.0</impact><cost>0.1</cost><risk>10.0</risk><probability>1.0</probability><defense_cost>10</defense_cost><exploitability>0.44</exploitability></vulner_values></vulnerability></or></vulnerabilities></node><node id="268841482541455510452248753058911422503" name="B 2"><host_values><impact>2</impact><risk>4.3</risk><probability>0.43</probability><asset_value>20</asset_value><cost>5.7</cost><defense_cost>5.0</defense_cost><type>user</type><exploitability>0.44</exploitability></host_values><vulnerabilities><or><vulnerability id="238991245632062189751787565505930220527" name="CVE-2015-5479"><vulner_values><impact>2</impact><cost>5.7</cost><risk>4.3</risk><probability>0.43</probability><defense_cost>5.0</defense_cost><exploitability>0.44</exploitability></vulner_values></vulnerability></or></vulnerabilities></node><node id="201633508930826323581780550463698223277" name="B 3"><host_values><impact>10.0</impact><risk>10.0</risk><probability>1.0</probability><asset_value>20</asset_value><cost>0.1</cost><defense_cost>10</defense_cost><type>user</type><exploitability>0.44</exploitability></host_values><vulnerabilities><or><vulnerability id="60816410015472052837532438640057106395" name="CVE-2017-8589"><vulner_values><impact>10.0</impact><cost>0.1</cost><risk>10.0</risk><probability>1.0</probability><defense_cost>10</defense_cost><exploitability>0.44</exploitability></vulner_values></vulnerability></or></vulnerabilities></node><node id="9617800497563347497510583220460293051" name="B 4"><host_values><impact>9.0</impact><risk>9.3</risk><probability>0.93</probability><asset_value>20</asset_value><cost>0.7</cost><defense_cost>10</defense_cost><type>user</type><exploitability>0.44</exploitability></host_values><vulnerabilities><or><vulnerability id="176828962735018729480902119704838251986" name="CVE-2017-8464"><vulner_values><impact>9.0</impact><cost>0.7</cost><risk>9.3</risk><probability>0.93</probability><defense_cost>10</defense_cost><exploitability>0.44</exploitability></vulner_values></vulnerability></or></vulnerabilities></node><node id="222384667314595375349058264027407515714" name="B 5"><host_values><impact>2</impact><risk>4.3</risk><probability>0.43</probability><asset_value>20</asset_value><cost>5.7</cost><defense_cost>5.0</defense_cost><type>user</type><exploitability>0.44</exploitability></host_values><vulnerabilities><or><vulnerability id="230735282737927952041091198709319329559" name="CVE-2015-5479"><vulner_values><impact>2</impact><cost>5.7</cost><risk>4.3</risk><probability>0.43</probability><defense_cost>5.0</defense_cost><exploitability>0.44</exploitability></vulner_values></vulnerability></or></vulnerabilities></node><node id="71975506154520243400559677328536496165" name="C 0"><host_values><impact>2</impact><risk>4.3</risk><probability>0.43</probability><asset_value>20</asset_value><cost>5.7</cost><defense_cost>5.0</defense_cost><type>user</type><exploitability>0.44</exploitability></host_values><vulnerabilities><or><vulnerability id="109907606153890768402858197084387600603" name="CVE-2015-5479"><vulner_values><impact>2</impact><cost>5.7</cost><risk>4.3</risk><probability>0.43</probability><defense_cost>5.0</defense_cost><exploitability>0.44</exploitability></vulner_values></vulnerability></or></vulnerabilities></node><node id="222039225978148850230100426542942755476" name="C 1"><host_values><impact>2</impact><risk>4.3</risk><probability>0.43</probability><asset_value>20</asset_value><cost>5.7</cost><defense_cost>5.0</defense_cost><type>user</type><exploitability>0.44</exploitability></host_values><vulnerabilities><or><vulnerability id="263977126795224776231847957478443785514" name="CVE-2015-5479"><vulner_values><impact>2</impact><cost>5.7</cost><risk>4.3</risk><probability>0.43</probability><defense_cost>5.0</defense_cost><exploitability>0.44</exploitability></vulner_values></vulnerability></or></vulnerabilities></node><node id="200513017271484409670317878259962463972" name="C 2"><host_values><impact>5.0</impact><risk>5.0</risk><probability>0.5</probability><asset_value>20</asset_value><cost>5.0</cost><defense_cost>10</defense_cost><type>user</type><exploitability>0.44</exploitability></host_values><vulnerabilities><or><vulnerability id="258539844311242844523855304712884142567" name="CVE-2017-9953"><vulner_values><impact>5.0</impact><cost>5.0</cost><risk>5.0</risk><probability>0.5</probability><defense_cost>10</defense_cost><exploitability>0.44</exploitability></vulner_values></vulnerability></or></vulnerabilities></node><node id="244377035168517739558142650890102932485" name="C 3"><host_values><impact>10.0</impact><risk>10.0</risk><probability>1.0</probability><asset_value>20</asset_value><cost>0.1</cost><defense_cost>10</defense_cost><type>user</type><exploitability>0.44</exploitability></host_values><vulnerabilities><or><vulnerability id="208305967840457925824682485512859352479" name="CVE-2017-8589"><vulner_values><impact>10.0</impact><cost>0.1</cost><risk>10.0</risk><probability>1.0</probability><defense_cost>10</defense_cost><exploitability>0.44</exploitability></vulner_values></vulnerability></or></vulnerabilities></node><node id="290783807994141878617999561515003573214" name="C 4"><host_values><impact>9.0</impact><risk>9.3</risk><probability>0.93</probability><asset_value>20</asset_value><cost>0.7</cost><defense_cost>10</defense_cost><type>user</type><exploitability>0.44</exploitability></host_values><vulnerabilities><or><vulnerability id="178302138627346755719555266174155561" name="CVE-2017-8464"><vulner_values><impact>9.0</impact><cost>0.7</cost><risk>9.3</risk><probability>0.93</probability><defense_cost>10</defense_cost><exploitability>0.44</exploitability></vulner_values></vulnerability></or></vulnerabilities></node><node id="184049182655221618205120747069433217713" name="C 5"><host_values><impact>5.0</impact><risk>5.0</risk><probability>0.5</probability><asset_value>20</asset_value><cost>5.0</cost><defense_cost>10</defense_cost><type>user</type><exploitability>0.44</exploitability></host_values><vulnerabilities><or><vulnerability id="15335504870257227136932781787838358086" name="CVE-2017-9953"><vulner_values><impact>5.0</impact><cost>5.0</cost><risk>5.0</risk><probability>0.5</probability><defense_cost>10</defense_cost><exploitability>0.44</exploitability></vulner_values></vulnerability></or></vulnerabilities></node><node id="167797164816261221530098354146801084287" name="WS2"><host_values><impact>10.0</impact><cost>0.1</cost><risk>10.0</risk><probability>1.0</probability><defense_cost>10</defense_cost><type>web server</type><exploitability>0.28</exploitability></host_values><vulnerabilities><or><vulnerability id="66259962841837841935289234674353201284" name="CVE-2017-8589"><vulner_values><impact>10.0</impact><cost>0.1</cost><risk>10.0</risk><probability>1.0</probability><defense_cost>10</defense_cost><exploitability>0.28</exploitability></vulner_values></vulnerability></or></vulnerabilities></node><node id="30492190919551281768707068584800411939" name="DB"><host_values><impact>9.0</impact><cost>0.7</cost><risk>9.3</risk><probability>0.93</probability><defense_cost>10</defense_cost><type>db server</type><exploitability>0.28</exploitability></host_values><vulnerabilities><or><vulnerability id="11221825968184434632821702898600265079" name="CVE-2017-8464"><vulner_values><impact>9.0</impact><cost>0.7</cost><risk>9.3</risk><probability>0.93</probability><defense_cost>10</defense_cost><exploitability>0.28</exploitability></vulner_values></vulnerability></or></vulnerabilities></node><node id="247502021854173719175501666839635306155" name="D 1"><host_values><impact>9.0</impact><risk>9.3</risk><probability>0.93</probability><asset_value>20</asset_value><cost>0.7</cost><defense_cost>10</defense_cost><type>user</type><exploitability>0.28</exploitability></host_values><vulnerabilities><or><vulnerability id="157033229832281818101735461520747754913" name="CVE-2017-8464"><vulner_values><impact>9.0</impact><cost>0.7</cost><risk>9.3</risk><probability>0.93</probability><defense_cost>10</defense_cost><exploitability>0.28</exploitability></vulner_values></vulnerability></or></vulnerabilities></node><node id="176200444869375861436626796795275817115" name="D 2"><host_values><impact>10.0</impact><risk>10.0</risk><probability>1.0</probability><asset_value>20</asset_value><cost>0.1</cost><defense_cost>10</defense_cost><type>user</type><exploitability>0.28</exploitability></host_values><vulnerabilities><or><vulnerability id="85958086509894053222708414769180763779" name="CVE-2017-8589"><vulner_values><impact>10.0</impact><cost>0.1</cost><risk>10.0</risk><probability>1.0</probability><defense_cost>10</defense_cost><exploitability>0.28</exploitability></vulner_values></vulnerability></or></vulnerabilities></node><node id="286714072099723560448141438971745007059" name="Attacker"/><node id="158439534010012327061530746558178097566" name="D 1"><host_values><impact>9.0</impact><risk>9.3</risk><probability>0.93</probability><asset_value>20</asset_value><cost>0.7</cost><defense_cost>10</defense_cost><type>user</type><exploitability>0.28</exploitability></host_values><vulnerabilities><or><vulnerability id="127297217941936494132342027843060022383" name="CVE-2017-8464"><vulner_values><impact>9.0</impact><cost>0.7</cost><risk>9.3</risk><probability>0.93</probability><defense_cost>10</defense_cost><exploitability>0.28</exploitability></vulner_values></vulnerability></or></vulnerabilities></node><node id="173525560635089964872945038726227807817" name="D 0"><host_values><impact>2</impact><risk>4.3</risk><probability>0.43</probability><asset_value>20</asset_value><cost>5.7</cost><defense_cost>5.0</defense_cost><type>user</type><exploitability>0.28</exploitability></host_values><vulnerabilities><or><vulnerability id="143601310400387839145707735844391745911" name="CVE-2015-5479"><vulner_values><impact>2</impact><cost>5.7</cost><risk>4.3</risk><probability>0.43</probability><defense_cost>5.0</defense_cost><exploitability>0.28</exploitability></vulner_values></vulnerability></or></vulnerabilities></node><node id="4955364391353540168528555622538814216" name="D 2"><host_values><impact>10.0</impact><risk>10.0</risk><probability>1.0</probability><asset_value>20</asset_value><cost>0.1</cost><defense_cost>10</defense_cost><type>user</type><exploitability>0.28</exploitability></host_values><vulnerabilities><or><vulnerability id="16920077202649663356225447437817425335" name="CVE-2017-8589"><vulner_values><impact>10.0</impact><cost>0.1</cost><risk>10.0</risk><probability>1.0</probability><defense_cost>10</defense_cost><exploitability>0.28</exploitability></vulner_values></vulnerability></or></vulnerabilities></node></nodes><edges><edge><source>0</source><target>1</target></edge><edge><source>0</source><target>2</target></edge><edge><source>0</source><target>3</target></edge><edge><source>0</source><target>4</target></edge><edge><source>0</source><target>5</target></edge><edge><source>0</source><target>6</target></edge><edge><source>0</source><target>7</target></edge><edge><source>0</source><target>8</target></edge><edge><source>0</source><target>9</target></edge><edge><source>0</source><target>10</target></edge><edge><source>0</source><target>11</target></edge><edge><source>0</source><target>12</target></edge><edge><source>0</source><target>13</target></edge><edge><source>0</source><target>14</target></edge><edge><source>0</source><target>15</target></edge><edge><source>0</source><target>16</target></edge><edge><source>0</source><target>17</target></edge><edge><source>0</source><target>18</target></edge><edge><source>0</source><target>20</target></edge><edge><source>0</source><target>21</target></edge><edge><source>0</source><target>22</target></edge><edge><source>0</source><target>24</target></edge><edge><source>0</source><target>25</target></edge><edge><source>0</source><target>26</target></edge><edge><source>1</source><target>3</target></edge><edge><source>1</source><target>4</target></edge><edge><source>1</source><target>5</target></edge><edge><source>1</source><target>6</target></edge><edge><source>1</source><target>20</target></edge><edge><source>1</source><target>2</target></edge><edge><source>2</source><target>3</target></edge><edge><source>2</source><target>4</target></edge><edge><source>2</source><target>5</target></edge><edge><source>2</source><target>6</target></edge><edge><source>2</source><target>20</target></edge><edge><source>2</source><target>1</target></edge><edge><source>3</source><target>4</target></edge><edge><source>3</source><target>5</target></edge><edge><source>3</source><target>6</target></edge><edge><source>3</source><target>20</target></edge><edge><source>3</source><target>1</target></edge><edge><source>3</source><target>2</target></edge><edge><source>4</source><target>3</target></edge><edge><source>4</source><target>5</target></edge><edge><source>4</source><target>6</target></edge><edge><source>4</source><target>20</target></edge><edge><source>4</source><target>1</target></edge><edge><source>4</source><target>2</target></edge><edge><source>5</source><target>3</target></edge><edge><source>5</source><target>4</target></edge><edge><source>5</source><target>6</target></edge><edge><source>5</source><target>20</target></edge><edge><source>5</source><target>1</target></edge><edge><source>5</source><target>2</target></edge><edge><source>6</source><target>3</target></edge><edge><source>6</source><target>4</target></edge><edge><source>6</source><target>5</target></edge><edge><source>6</source><target>20</target></edge><edge><source>6</source><target>1</target></edge><edge><source>6</source><target>2</target></edge><edge><source>7</source><target>8</target></edge><edge><source>7</source><target>9</target></edge><edge><source>7</source><target>10</target></edge><edge><source>7</source><target>11</target></edge><edge><source>7</source><target>12</target></edge><edge><source>7</source><target>20</target></edge><edge><source>8</source><target>7</target></edge><edge><source>8</source><target>9</target></edge><edge><source>8</source><target>10</target></edge><edge><source>8</source><target>11</target></edge><edge><source>8</source><target>12</target></edge><edge><source>8</source><target>20</target></edge><edge><source>9</source><target>5</target></edge><edge><source>9</source><target>7</target></edge><edge><source>9</source><target>8</target></edge><edge><source>9</source><target>10</target></edge><edge><source>9</source><target>11</target></edge><edge><source>9</source><target>12</target></edge><edge><source>9</source><target>20</target></edge><edge><source>10</source><target>7</target></edge><edge><source>10</source><target>8</target></edge><edge><source>10</source><target>9</target></edge><edge><source>10</source><target>11</target></edge><edge><source>10</source><target>12</target></edge><edge><source>10</source><target>20</target></edge><edge><source>11</source><target>7</target></edge><edge><source>11</source><target>8</target></edge><edge><source>11</source><target>9</target></edge><edge><source>11</source><target>10</target></edge><edge><source>11</source><target>12</target></edge><edge><source>11</source><target>20</target></edge><edge><source>12</source><target>7</target></edge><edge><source>12</source><target>8</target></edge><edge><source>12</source><target>9</target></edge><edge><source>12</source><target>10</target></edge><edge><source>12</source><target>11</target></edge><edge><source>12</source><target>20</target></edge><edge><source>13</source><target>20</target></edge><edge><source>13</source><target>14</target></edge><edge><source>13</source><target>15</target></edge><edge><source>13</source><target>16</target></edge><edge><source>13</source><target>17</target></edge><edge><source>13</source><target>18</target></edge><edge><source>14</source><target>18</target></edge><edge><source>14</source><target>13</target></edge><edge><source>14</source><target>15</target></edge><edge><source>14</source><target>16</target></edge><edge><source>14</source><target>17</target></edge><edge><source>14</source><target>20</target></edge><edge><source>15</source><target>1</target></edge><edge><source>15</source><target>18</target></edge><edge><source>15</source><target>13</target></edge><edge><source>15</source><target>14</target></edge><edge><source>15</source><target>16</target></edge><edge><source>15</source><target>17</target></edge><edge><source>15</source><target>20</target></edge><edge><source>16</source><target>13</target></edge><edge><source>16</source><target>20</target></edge><edge><source>16</source><target>14</target></edge><edge><source>16</source><target>15</target></edge><edge><source>16</source><target>17</target></edge><edge><source>16</source><target>18</target></edge><edge><source>17</source><target>13</target></edge><edge><source>17</source><target>20</target></edge><edge><source>17</source><target>14</target></edge><edge><source>17</source><target>15</target></edge><edge><source>17</source><target>16</target></edge><edge><source>17</source><target>18</target></edge><edge><source>18</source><target>20</target></edge><edge><source>18</source><target>14</target></edge><edge><source>18</source><target>15</target></edge><edge><source>18</source><target>16</target></edge><edge><source>18</source><target>17</target></edge><edge><source>18</source><target>13</target></edge><edge><source>19</source><target>0</target></edge><edge><source>19</source><target>1</target></edge><edge><source>19</source><target>2</target></edge><edge><source>19</source><target>3</target></edge><edge><source>19</source><target>4</target></edge><edge><source>19</source><target>5</target></edge><edge><source>19</source><target>6</target></edge><edge><source>19</source><target>7</target></edge><edge><source>19</source><target>8</target></edge><edge><source>19</source><target>9</target></edge><edge><source>19</source><target>10</target></edge><edge><source>19</source><target>11</target></edge><edge><source>19</source><target>12</target></edge><edge><source>19</source><target>13</target></edge><edge><source>19</source><target>14</target></edge><edge><source>19</source><target>15</target></edge><edge><source>19</source><target>16</target></edge><edge><source>19</source><target>17</target></edge><edge><source>19</source><target>18</target></edge><edge><source>19</source><target>20</target></edge><edge><source>19</source><target>21</target></edge><edge><source>19</source><target>22</target></edge><edge><source>19</source><target>24</target></edge><edge><source>19</source><target>25</target></edge><edge><source>19</source><target>26</target></edge><edge><source>21</source><target>20</target></edge><edge><source>22</source><target>20</target></edge><edge><source>23</source><target>0</target></edge><edge><source>23</source><target>19</target></edge><edge><source>24</source><target>20</target></edge><edge><source>25</source><target>20</target></edge><edge><source>26</source><target>20</target></edge></edges></harm>