<harm><nodes><node id="139076896666718436785365888867115676874" name="WS1"><host_values><impact>10.0</impact><cost>0.1</cost><risk>10.0</risk><probability>1.0</probability><defense_cost>10</defense_cost><type>web server</type><exploitability>0.9</exploitability></host_values><vulnerabilities><or><vulnerability id="203475900496395412541968681215211860505" name="CVE-2017-8589"><vulner_values><impact>10.0</impact><cost>0.1</cost><risk>10.0</risk><probability>1.0</probability><defense_cost>10</defense_cost><exploitability>0.9</exploitability></vulner_values></vulnerability></or></vulnerabilities></node><node id="148738199515280633491482037480193435937" name="A 0"><host_values><impact>10.0</impact><risk>10.0</risk><probability>1.0</probability><asset_value>20</asset_value><cost>0.1</cost><defense_cost>10</defense_cost><type>user</type><exploitability>0.03</exploitability></host_values><vulnerabilities><or><vulnerability id="205819995120119081477542142029781207024" name="CVE-2017-8589"><vulner_values><impact>10.0</impact><cost>0.1</cost><risk>10.0</risk><probability>1.0</probability><defense_cost>10</defense_cost><exploitability>0.03</exploitability></vulner_values></vulnerability></or></vulnerabilities></node><node id="64121515949351454874248218549136759964" name="A 1"><host_values><impact>9.0</impact><risk>9.3</risk><probability>0.93</probability><asset_value>20</asset_value><cost>0.7</cost><defense_cost>10</defense_cost><type>user</type><exploitability>0.03</exploitability></host_values><vulnerabilities><or><vulnerability id="49460060553074833525616553154195483404" name="CVE-2017-8464"><vulner_values><impact>9.0</impact><cost>0.7</cost><risk>9.3</risk><probability>0.93</probability><defense_cost>10</defense_cost><exploitability>0.03</exploitability></vulner_values></vulnerability></or></vulnerabilities></node><node id="76203251806602722370106515841627777708" name="A 2"><host_values><impact>10.0</impact><risk>10.0</risk><probability>1.0</probability><asset_value>20</asset_value><cost>0.1</cost><defense_cost>10</defense_cost><type>user</type><exploitability>0.03</exploitability></host_values><vulnerabilities><or><vulnerability id="241159715816925208150978648913999697550" name="CVE-2017-8589"><vulner_values><impact>10.0</impact><cost>0.1</cost><risk>10.0</risk><probability>1.0</probability><defense_cost>10</defense_cost><exploitability>0.03</exploitability></vulner_values></vulnerability></or></vulnerabilities></node><node id="23572336487942390053254138616132610895" name="A 3"><host_values><impact>5.0</impact><risk>5.0</risk><probability>0.5</probability><asset_value>20</asset_value><cost>5.0</cost><defense_cost>10</defense_cost><type>user</type><exploitability>0.03</exploitability></host_values><vulnerabilities><or><vulnerability id="315254531110067643416321222607013665993" name="CVE-2017-9953"><vulner_values><impact>5.0</impact><cost>5.0</cost><risk>5.0</risk><probability>0.5</probability><defense_cost>10</defense_cost><exploitability>0.03</exploitability></vulner_values></vulnerability></or></vulnerabilities></node><node id="290966274773154204126419133163345844690" name="A 4"><host_values><impact>10.0</impact><risk>10.0</risk><probability>1.0</probability><asset_value>20</asset_value><cost>0.1</cost><defense_cost>10</defense_cost><type>user</type><exploitability>0.03</exploitability></host_values><vulnerabilities><or><vulnerability id="91614006041351928691498538316870898423" name="CVE-2017-8589"><vulner_values><impact>10.0</impact><cost>0.1</cost><risk>10.0</risk><probability>1.0</probability><defense_cost>10</defense_cost><exploitability>0.03</exploitability></vulner_values></vulnerability></or></vulnerabilities></node><node id="80713191607366494303323746163304449580" name="A 5"><host_values><impact>9.0</impact><risk>9.3</risk><probability>0.93</probability><asset_value>20</asset_value><cost>0.7</cost><defense_cost>10</defense_cost><type>user</type><exploitability>0.03</exploitability></host_values><vulnerabilities><or><vulnerability id="141998659269249292606761069198219239085" name="CVE-2017-8464"><vulner_values><impact>9.0</impact><cost>0.7</cost><risk>9.3</risk><probability>0.93</probability><defense_cost>10</defense_cost><exploitability>0.03</exploitability></vulner_values></vulnerability></or></vulnerabilities></node><node id="81823463390831563093151556277676948910" name="B 0"><host_values><impact>9.0</impact><risk>9.3</risk><probability>0.93</probability><asset_value>20</asset_value><cost>0.7</cost><defense_cost>10</defense_cost><type>user</type><exploitability>0.03</exploitability></host_values><vulnerabilities><or><vulnerability id="168833841451211994840942121399963478615" name="CVE-2017-8464"><vulner_values><impact>9.0</impact><cost>0.7</cost><risk>9.3</risk><probability>0.93</probability><defense_cost>10</defense_cost><exploitability>0.03</exploitability></vulner_values></vulnerability></or></vulnerabilities></node><node id="178417333431003513437668874677561036090" name="B 1"><host_values><impact>10.0</impact><risk>10.0</risk><probability>1.0</probability><asset_value>20</asset_value><cost>0.1</cost><defense_cost>10</defense_cost><type>user</type><exploitability>0.03</exploitability></host_values><vulnerabilities><or><vulnerability id="199567484237795387786691940231424249869" name="CVE-2017-8589"><vulner_values><impact>10.0</impact><cost>0.1</cost><risk>10.0</risk><probability>1.0</probability><defense_cost>10</defense_cost><exploitability>0.03</exploitability></vulner_values></vulnerability></or></vulnerabilities></node><node id="180013242670611575360540992509423881951" name="B 2"><host_values><impact>9.0</impact><risk>9.3</risk><probability>0.93</probability><asset_value>20</asset_value><cost>0.7</cost><defense_cost>10</defense_cost><type>user</type><exploitability>0.03</exploitability></host_values><vulnerabilities><or><vulnerability id="249234082210606644691551196448961997164" name="CVE-2017-8464"><vulner_values><impact>9.0</impact><cost>0.7</cost><risk>9.3</risk><probability>0.93</probability><defense_cost>10</defense_cost><exploitability>0.03</exploitability></vulner_values></vulnerability></or></vulnerabilities></node><node id="281744272853476754542453567214300721424" name="B 3"><host_values><impact>10.0</impact><risk>10.0</risk><probability>1.0</probability><asset_value>20</asset_value><cost>0.1</cost><defense_cost>10</defense_cost><type>user</type><exploitability>0.03</exploitability></host_values><vulnerabilities><or><vulnerability id="214343724138132112729487769047373346099" name="CVE-2017-8589"><vulner_values><impact>10.0</impact><cost>0.1</cost><risk>10.0</risk><probability>1.0</probability><defense_cost>10</defense_cost><exploitability>0.03</exploitability></vulner_values></vulnerability></or></vulnerabilities></node><node id="91807796441845311064900319248476587620" name="B 4"><host_values><impact>5.0</impact><risk>5.0</risk><probability>0.5</probability><asset_value>20</asset_value><cost>5.0</cost><defense_cost>10</defense_cost><type>user</type><exploitability>0.03</exploitability></host_values><vulnerabilities><or><vulnerability id="75159096855753234973605530486624306736" name="CVE-2017-9953"><vulner_values><impact>5.0</impact><cost>5.0</cost><risk>5.0</risk><probability>0.5</probability><defense_cost>10</defense_cost><exploitability>0.03</exploitability></vulner_values></vulnerability></or></vulnerabilities></node><node id="85378607312386515612691030024688477857" name="B 5"><host_values><impact>2</impact><risk>4.3</risk><probability>0.43</probability><asset_value>20</asset_value><cost>5.7</cost><defense_cost>5.0</defense_cost><type>user</type><exploitability>0.03</exploitability></host_values><vulnerabilities><or><vulnerability id="20420335162806351792310619922901875093" name="CVE-2015-5479"><vulner_values><impact>2</impact><cost>5.7</cost><risk>4.3</risk><probability>0.43</probability><defense_cost>5.0</defense_cost><exploitability>0.03</exploitability></vulner_values></vulnerability></or></vulnerabilities></node><node id="324206881672691922225965147477083129909" name="C 0"><host_values><impact>10.0</impact><risk>10.0</risk><probability>1.0</probability><asset_value>20</asset_value><cost>0.1</cost><defense_cost>10</defense_cost><type>user</type><exploitability>0.03</exploitability></host_values><vulnerabilities><or><vulnerability id="306339919491317640918844644930606752606" name="CVE-2017-8589"><vulner_values><impact>10.0</impact><cost>0.1</cost><risk>10.0</risk><probability>1.0</probability><defense_cost>10</defense_cost><exploitability>0.03</exploitability></vulner_values></vulnerability></or></vulnerabilities></node><node id="148136377721895609990042601558936827806" name="C 1"><host_values><impact>5.0</impact><risk>5.0</risk><probability>0.5</probability><asset_value>20</asset_value><cost>5.0</cost><defense_cost>10</defense_cost><type>user</type><exploitability>0.03</exploitability></host_values><vulnerabilities><or><vulnerability id="225878446149504552570441183643993598728" name="CVE-2017-9953"><vulner_values><impact>5.0</impact><cost>5.0</cost><risk>5.0</risk><probability>0.5</probability><defense_cost>10</defense_cost><exploitability>0.03</exploitability></vulner_values></vulnerability></or></vulnerabilities></node><node id="207123782277214573915839287067054066302" name="C 2"><host_values><impact>5.0</impact><risk>5.0</risk><probability>0.5</probability><asset_value>20</asset_value><cost>5.0</cost><defense_cost>10</defense_cost><type>user</type><exploitability>0.03</exploitability></host_values><vulnerabilities><or><vulnerability id="264002160183287487303859396245871509633" name="CVE-2017-9953"><vulner_values><impact>5.0</impact><cost>5.0</cost><risk>5.0</risk><probability>0.5</probability><defense_cost>10</defense_cost><exploitability>0.03</exploitability></vulner_values></vulnerability></or></vulnerabilities></node><node id="176647258840372188049738777028818841391" name="C 3"><host_values><impact>2</impact><risk>4.3</risk><probability>0.43</probability><asset_value>20</asset_value><cost>5.7</cost><defense_cost>5.0</defense_cost><type>user</type><exploitability>0.03</exploitability></host_values><vulnerabilities><or><vulnerability id="167751220426363421735284723550904054557" name="CVE-2015-5479"><vulner_values><impact>2</impact><cost>5.7</cost><risk>4.3</risk><probability>0.43</probability><defense_cost>5.0</defense_cost><exploitability>0.03</exploitability></vulner_values></vulnerability></or></vulnerabilities></node><node id="300174368674603976450752537036555182550" name="C 4"><host_values><impact>5.0</impact><risk>5.0</risk><probability>0.5</probability><asset_value>20</asset_value><cost>5.0</cost><defense_cost>10</defense_cost><type>user</type><exploitability>0.03</exploitability></host_values><vulnerabilities><or><vulnerability id="302357974008198790285999517222490689043" name="CVE-2017-9953"><vulner_values><impact>5.0</impact><cost>5.0</cost><risk>5.0</risk><probability>0.5</probability><defense_cost>10</defense_cost><exploitability>0.03</exploitability></vulner_values></vulnerability></or></vulnerabilities></node><node id="32905008423799852101790167887193500023" name="C 5"><host_values><impact>9.0</impact><risk>9.3</risk><probability>0.93</probability><asset_value>20</asset_value><cost>0.7</cost><defense_cost>10</defense_cost><type>user</type><exploitability>0.03</exploitability></host_values><vulnerabilities><or><vulnerability id="11824512300939876186415059955800235263" name="CVE-2017-8464"><vulner_values><impact>9.0</impact><cost>0.7</cost><risk>9.3</risk><probability>0.93</probability><defense_cost>10</defense_cost><exploitability>0.03</exploitability></vulner_values></vulnerability></or></vulnerabilities></node><node id="317903138942418838995363535754131354272" name="WS2"><host_values><impact>10.0</impact><cost>0.1</cost><risk>10.0</risk><probability>1.0</probability><defense_cost>10</defense_cost><type>web server</type><exploitability>0.9</exploitability></host_values><vulnerabilities><or><vulnerability id="14839547334676445699481712094160805140" name="CVE-2017-8589"><vulner_values><impact>10.0</impact><cost>0.1</cost><risk>10.0</risk><probability>1.0</probability><defense_cost>10</defense_cost><exploitability>0.9</exploitability></vulner_values></vulnerability></or></vulnerabilities></node><node id="115428404603262331489574790462998822460" name="DB"><host_values><impact>2</impact><cost>5.7</cost><risk>4.3</risk><probability>0.43</probability><defense_cost>5.0</defense_cost><type>db server</type><exploitability>0.9</exploitability></host_values><vulnerabilities><or><vulnerability id="240748661267268201901163749900400819359" name="CVE-2015-5479"><vulner_values><impact>2</impact><cost>5.7</cost><risk>4.3</risk><probability>0.43</probability><defense_cost>5.0</defense_cost><exploitability>0.9</exploitability></vulner_values></vulnerability></or></vulnerabilities></node><node id="305835516855878393501756104048912768732" name="Attacker"/><node id="196483132759494218914024734848412298201" name="D 1"><host_values><impact>9.0</impact><risk>9.3</risk><probability>0.93</probability><asset_value>20</asset_value><cost>0.7</cost><defense_cost>10</defense_cost><type>user</type><exploitability>0.9</exploitability></host_values><vulnerabilities><or><vulnerability id="177489633310672423527140074200212327341" name="CVE-2017-8464"><vulner_values><impact>9.0</impact><cost>0.7</cost><risk>9.3</risk><probability>0.93</probability><defense_cost>10</defense_cost><exploitability>0.9</exploitability></vulner_values></vulnerability></or></vulnerabilities></node></nodes><edges><edge><source>0</source><target>4</target></edge><edge><source>0</source><target>5</target></edge><edge><source>0</source><target>6</target></edge><edge><source>0</source><target>18</target></edge><edge><source>0</source><target>7</target></edge><edge><source>0</source><target>8</target></edge><edge><source>0</source><target>9</target></edge><edge><source>0</source><target>20</target></edge><edge><source>0</source><target>13</target></edge><edge><source>0</source><target>14</target></edge><edge><source>0</source><target>15</target></edge><edge><source>0</source><target>1</target></edge><edge><source>0</source><target>2</target></edge><edge><source>0</source><target>3</target></edge><edge><source>1</source><target>4</target></edge><edge><source>1</source><target>5</target></edge><edge><source>1</source><target>6</target></edge><edge><source>1</source><target>20</target></edge><edge><source>1</source><target>2</target></edge><edge><source>1</source><target>3</target></edge><edge><source>2</source><target>4</target></edge><edge><source>2</source><target>5</target></edge><edge><source>2</source><target>6</target></edge><edge><source>2</source><target>20</target></edge><edge><source>2</source><target>1</target></edge><edge><source>2</source><target>3</target></edge><edge><source>3</source><target>4</target></edge><edge><source>3</source><target>5</target></edge><edge><source>3</source><target>6</target></edge><edge><source>3</source><target>20</target></edge><edge><source>3</source><target>1</target></edge><edge><source>3</source><target>2</target></edge><edge><source>4</source><target>5</target></edge><edge><source>4</source><target>6</target></edge><edge><source>4</source><target>20</target></edge><edge><source>4</source><target>1</target></edge><edge><source>4</source><target>2</target></edge><edge><source>4</source><target>3</target></edge><edge><source>5</source><target>4</target></edge><edge><source>5</source><target>6</target></edge><edge><source>5</source><target>20</target></edge><edge><source>5</source><target>1</target></edge><edge><source>5</source><target>2</target></edge><edge><source>5</source><target>3</target></edge><edge><source>6</source><target>5</target></edge><edge><source>6</source><target>20</target></edge><edge><source>6</source><target>1</target></edge><edge><source>6</source><target>2</target></edge><edge><source>6</source><target>3</target></edge><edge><source>7</source><target>8</target></edge><edge><source>7</source><target>9</target></edge><edge><source>7</source><target>11</target></edge><edge><source>7</source><target>20</target></edge><edge><source>8</source><target>7</target></edge><edge><source>8</source><target>11</target></edge><edge><source>8</source><target>20</target></edge><edge><source>9</source><target>7</target></edge><edge><source>9</source><target>8</target></edge><edge><source>9</source><target>11</target></edge><edge><source>9</source><target>20</target></edge><edge><source>11</source><target>7</target></edge><edge><source>11</source><target>8</target></edge><edge><source>11</source><target>9</target></edge><edge><source>11</source><target>20</target></edge><edge><source>13</source><target>20</target></edge><edge><source>13</source><target>14</target></edge><edge><source>13</source><target>15</target></edge><edge><source>13</source><target>18</target></edge><edge><source>14</source><target>20</target></edge><edge><source>14</source><target>15</target></edge><edge><source>14</source><target>18</target></edge><edge><source>15</source><target>13</target></edge><edge><source>15</source><target>14</target></edge><edge><source>18</source><target>20</target></edge><edge><source>18</source><target>13</target></edge><edge><source>18</source><target>15</target></edge><edge><source>18</source><target>14</target></edge><edge><source>19</source><target>4</target></edge><edge><source>19</source><target>5</target></edge><edge><source>19</source><target>6</target></edge><edge><source>19</source><target>18</target></edge><edge><source>19</source><target>7</target></edge><edge><source>19</source><target>8</target></edge><edge><source>19</source><target>9</target></edge><edge><source>19</source><target>11</target></edge><edge><source>19</source><target>20</target></edge><edge><source>19</source><target>13</target></edge><edge><source>19</source><target>14</target></edge><edge><source>19</source><target>1</target></edge><edge><source>19</source><target>2</target></edge><edge><source>19</source><target>3</target></edge><edge><source>21</source><target>0</target></edge><edge><source>21</source><target>19</target></edge></edges></harm>